Date,Currency,RateToCAD
2023-01-01,CAD,1.0
2023-01-01,USD,1.2098
2023-01-01,EUR,1.3576
2023-01-02,CAD,1.0
2023-01-02,USD,1.1928
2023-01-02,EUR,1.3526
2023-01-03,CAD,1.0
2023-01-03,USD,1.2062
2023-01-03,EUR,1.3482
2023-01-04,CAD,1.0
2023-01-04,USD,1.2026
2023-01-04,EUR,1.3557
2023-01-05,CAD,1.0
2023-01-05,USD,1.2122
2023-01-05,EUR,1.349
2023-01-06,CAD,1.0
2023-01-06,USD,1.2169
2023-01-06,EUR,1.3502
2023-01-07,CAD,1.0
2023-01-07,USD,1.2157
2023-01-07,EUR,1.3445
2023-01-08,CAD,1.0
2023-01-08,USD,1.2199
2023-01-08,EUR,1.3464
2023-01-09,CAD,1.0
2023-01-09,USD,1.221
2023-01-09,EUR,1.3411
2023-01-10,CAD,1.0
2023-01-10,USD,1.2202
2023-01-10,EUR,1.3354
2023-01-11,CAD,1.0
2023-01-11,USD,1.2309
2023-01-11,EUR,1.3451
2023-01-12,CAD,1.0
2023-01-12,USD,1.2264
2023-01-12,EUR,1.3367
2023-01-13,CAD,1.0
2023-01-13,USD,1.2243
2023-01-13,EUR,1.3303
2023-01-14,CAD,1.0
2023-01-14,USD,1.23
2023-01-14,EUR,1.3374
2023-01-15,CAD,1.0
2023-01-15,USD,1.2357
2023-01-15,EUR,1.32
2023-01-16,CAD,1.0
2023-01-16,USD,1.225
2023-01-16,EUR,1.3189
2023-01-17,CAD,1.0
2023-01-17,USD,1.2384
2023-01-17,EUR,1.3228
2023-01-18,CAD,1.0
2023-01-18,USD,1.2429
2023-01-18,EUR,1.3089
2023-01-19,CAD,1.0
2023-01-19,USD,1.2435
2023-01-19,EUR,1.3151
2023-01-20,CAD,1.0
2023-01-20,USD,1.2444
2023-01-20,EUR,1.3151
2023-01-21,CAD,1.0
2023-01-21,USD,1.2551
2023-01-21,EUR,1.3139
2023-01-22,CAD,1.0
2023-01-22,USD,1.245
2023-01-22,EUR,1.3073
2023-01-23,CAD,1.0
2023-01-23,USD,1.2409
2023-01-23,EUR,1.2966
2023-01-24,CAD,1.0
2023-01-24,USD,1.2372
2023-01-24,EUR,1.2917
2023-01-25,CAD,1.0
2023-01-25,USD,1.2506
2023-01-25,EUR,1.2907
2023-01-26,CAD,1.0
2023-01-26,USD,1.2506
2023-01-26,EUR,1.2984
2023-01-27,CAD,1.0
2023-01-27,USD,1.2498
2023-01-27,EUR,1.2916
2023-01-28,CAD,1.0
2023-01-28,USD,1.2448
2023-01-28,EUR,1.2849
2023-01-29,CAD,1.0
2023-01-29,USD,1.257
2023-01-29,EUR,1.2766
2023-01-30,CAD,1.0
2023-01-30,USD,1.2546
2023-01-30,EUR,1.2878
2023-01-31,CAD,1.0
2023-01-31,USD,1.2523
2023-01-31,EUR,1.2678
2023-02-01,CAD,1.0
2023-02-01,USD,1.2516
2023-02-01,EUR,1.2729
2023-02-02,CAD,1.0
2023-02-02,USD,1.2522
2023-02-02,EUR,1.2743
2023-02-03,CAD,1.0
2023-02-03,USD,1.2457
2023-02-03,EUR,1.2637
2023-02-04,CAD,1.0
2023-02-04,USD,1.2484
2023-02-04,EUR,1.2606
2023-02-05,CAD,1.0
2023-02-05,USD,1.2494
2023-02-05,EUR,1.2626
2023-02-06,CAD,1.0
2023-02-06,USD,1.2612
2023-02-06,EUR,1.2558
2023-02-07,CAD,1.0
2023-02-07,USD,1.2434
2023-02-07,EUR,1.2611
2023-02-08,CAD,1.0
2023-02-08,USD,1.2508
2023-02-08,EUR,1.2686
2023-02-09,CAD,1.0
2023-02-09,USD,1.2536
2023-02-09,EUR,1.2597
2023-02-10,CAD,1.0
2023-02-10,USD,1.2458
2023-02-10,EUR,1.2586
2023-02-11,CAD,1.0
2023-02-11,USD,1.2401
2023-02-11,EUR,1.2513
2023-02-12,CAD,1.0
2023-02-12,USD,1.2344
2023-02-12,EUR,1.2507
2023-02-13,CAD,1.0
2023-02-13,USD,1.2452
2023-02-13,EUR,1.25
2023-02-14,CAD,1.0
2023-02-14,USD,1.235
2023-02-14,EUR,1.2487
2023-02-15,CAD,1.0
2023-02-15,USD,1.2409
2023-02-15,EUR,1.2489
2023-02-16,CAD,1.0
2023-02-16,USD,1.2398
2023-02-16,EUR,1.2434
2023-02-17,CAD,1.0
2023-02-17,USD,1.2294
2023-02-17,EUR,1.2476
2023-02-18,CAD,1.0
2023-02-18,USD,1.2253
2023-02-18,EUR,1.2651
2023-02-19,CAD,1.0
2023-02-19,USD,1.2244
2023-02-19,EUR,1.2555
2023-02-20,CAD,1.0
2023-02-20,USD,1.2246
2023-02-20,EUR,1.2491
2023-02-21,CAD,1.0
2023-02-21,USD,1.2273
2023-02-21,EUR,1.2453
2023-02-22,CAD,1.0
2023-02-22,USD,1.2203
2023-02-22,EUR,1.2531
2023-02-23,CAD,1.0
2023-02-23,USD,1.2171
2023-02-23,EUR,1.251
2023-02-24,CAD,1.0
2023-02-24,USD,1.2245
2023-02-24,EUR,1.2618
2023-02-25,CAD,1.0
2023-02-25,USD,1.2145
2023-02-25,EUR,1.2581
2023-02-26,CAD,1.0
2023-02-26,USD,1.2206
2023-02-26,EUR,1.2533
2023-02-27,CAD,1.0
2023-02-27,USD,1.2137
2023-02-27,EUR,1.2725
2023-02-28,CAD,1.0
2023-02-28,USD,1.2193
2023-02-28,EUR,1.2552
2023-03-01,CAD,1.0
2023-03-01,USD,1.2032
2023-03-01,EUR,1.2682
2023-03-02,CAD,1.0
2023-03-02,USD,1.198
2023-03-02,EUR,1.2666
2023-03-03,CAD,1.0
2023-03-03,USD,1.2014
2023-03-03,EUR,1.2796
2023-03-04,CAD,1.0
2023-03-04,USD,1.1994
2023-03-04,EUR,1.2766
2023-03-05,CAD,1.0
2023-03-05,USD,1.1996
2023-03-05,EUR,1.2812
2023-03-06,CAD,1.0
2023-03-06,USD,1.1947
2023-03-06,EUR,1.2755
2023-03-07,CAD,1.0
2023-03-07,USD,1.1961
2023-03-07,EUR,1.2868
2023-03-08,CAD,1.0
2023-03-08,USD,1.1842
2023-03-08,EUR,1.2844
2023-03-09,CAD,1.0
2023-03-09,USD,1.1917
2023-03-09,EUR,1.2941
2023-03-10,CAD,1.0
2023-03-10,USD,1.1812
2023-03-10,EUR,1.293
2023-03-11,CAD,1.0
2023-03-11,USD,1.1817
2023-03-11,EUR,1.3008
2023-03-12,CAD,1.0
2023-03-12,USD,1.1864
2023-03-12,EUR,1.3014
2023-03-13,CAD,1.0
2023-03-13,USD,1.1837
2023-03-13,EUR,1.3087
2023-03-14,CAD,1.0
2023-03-14,USD,1.1767
2023-03-14,EUR,1.3005
2023-03-15,CAD,1.0
2023-03-15,USD,1.1684
2023-03-15,EUR,1.3147
2023-03-16,CAD,1.0
2023-03-16,USD,1.1629
2023-03-16,EUR,1.3148
2023-03-17,CAD,1.0
2023-03-17,USD,1.1744
2023-03-17,EUR,1.3181
2023-03-18,CAD,1.0
2023-03-18,USD,1.1645
2023-03-18,EUR,1.3162
2023-03-19,CAD,1.0
2023-03-19,USD,1.1697
2023-03-19,EUR,1.3258
2023-03-20,CAD,1.0
2023-03-20,USD,1.1624
2023-03-20,EUR,1.3316
2023-03-21,CAD,1.0
2023-03-21,USD,1.1664
2023-03-21,EUR,1.338
2023-03-22,CAD,1.0
2023-03-22,USD,1.1634
2023-03-22,EUR,1.3309
2023-03-23,CAD,1.0
2023-03-23,USD,1.1584
2023-03-23,EUR,1.3246
2023-03-24,CAD,1.0
2023-03-24,USD,1.1585
2023-03-24,EUR,1.3365
2023-03-25,CAD,1.0
2023-03-25,USD,1.1498
2023-03-25,EUR,1.3387
2023-03-26,CAD,1.0
2023-03-26,USD,1.162
2023-03-26,EUR,1.3371
2023-03-27,CAD,1.0
2023-03-27,USD,1.1494
2023-03-27,EUR,1.3482
2023-03-28,CAD,1.0
2023-03-28,USD,1.1564
2023-03-28,EUR,1.3596
2023-03-29,CAD,1.0
2023-03-29,USD,1.1458
2023-03-29,EUR,1.3493
2023-03-30,CAD,1.0
2023-03-30,USD,1.1533
2023-03-30,EUR,1.3473
2023-03-31,CAD,1.0
2023-03-31,USD,1.1557
2023-03-31,EUR,1.3479
2023-04-01,CAD,1.0
2023-04-01,USD,1.141
2023-04-01,EUR,1.3446
2023-04-02,CAD,1.0
2023-04-02,USD,1.1571
2023-04-02,EUR,1.3553
2023-04-03,CAD,1.0
2023-04-03,USD,1.1482
2023-04-03,EUR,1.3523
2023-04-04,CAD,1.0
2023-04-04,USD,1.1639
2023-04-04,EUR,1.3498
2023-04-05,CAD,1.0
2023-04-05,USD,1.15
2023-04-05,EUR,1.3509
2023-04-06,CAD,1.0
2023-04-06,USD,1.1532
2023-04-06,EUR,1.3479
2023-04-07,CAD,1.0
2023-04-07,USD,1.1535
2023-04-07,EUR,1.3394
2023-04-08,CAD,1.0
2023-04-08,USD,1.1526
2023-04-08,EUR,1.3487
2023-04-09,CAD,1.0
2023-04-09,USD,1.1503
2023-04-09,EUR,1.3451
2023-04-10,CAD,1.0
2023-04-10,USD,1.149
2023-04-10,EUR,1.3423
2023-04-11,CAD,1.0
2023-04-11,USD,1.1412
2023-04-11,EUR,1.3437
2023-04-12,CAD,1.0
2023-04-12,USD,1.1592
2023-04-12,EUR,1.3418
2023-04-13,CAD,1.0
2023-04-13,USD,1.1579
2023-04-13,EUR,1.3363
2023-04-14,CAD,1.0
2023-04-14,USD,1.1493
2023-04-14,EUR,1.336
2023-04-15,CAD,1.0
2023-04-15,USD,1.1519
2023-04-15,EUR,1.3318
2023-04-16,CAD,1.0
2023-04-16,USD,1.1606
2023-04-16,EUR,1.3443
2023-04-17,CAD,1.0
2023-04-17,USD,1.1565
2023-04-17,EUR,1.3245
2023-04-18,CAD,1.0
2023-04-18,USD,1.1646
2023-04-18,EUR,1.3232
2023-04-19,CAD,1.0
2023-04-19,USD,1.1571
2023-04-19,EUR,1.3302
2023-04-20,CAD,1.0
2023-04-20,USD,1.1639
2023-04-20,EUR,1.3214
2023-04-21,CAD,1.0
2023-04-21,USD,1.1669
2023-04-21,EUR,1.3199
2023-04-22,CAD,1.0
2023-04-22,USD,1.1779
2023-04-22,EUR,1.3155
2023-04-23,CAD,1.0
2023-04-23,USD,1.1658
2023-04-23,EUR,1.3135
2023-04-24,CAD,1.0
2023-04-24,USD,1.1704
2023-04-24,EUR,1.3155
2023-04-25,CAD,1.0
2023-04-25,USD,1.1646
2023-04-25,EUR,1.3114
2023-04-26,CAD,1.0
2023-04-26,USD,1.1741
2023-04-26,EUR,1.3099
2023-04-27,CAD,1.0
2023-04-27,USD,1.1788
2023-04-27,EUR,1.3053
2023-04-28,CAD,1.0
2023-04-28,USD,1.1793
2023-04-28,EUR,1.3016
2023-04-29,CAD,1.0
2023-04-29,USD,1.192
2023-04-29,EUR,1.2923
2023-04-30,CAD,1.0
2023-04-30,USD,1.1855
2023-04-30,EUR,1.2903
2023-05-01,CAD,1.0
2023-05-01,USD,1.1964
2023-05-01,EUR,1.2873
2023-05-02,CAD,1.0
2023-05-02,USD,1.1872
2023-05-02,EUR,1.2833
2023-05-03,CAD,1.0
2023-05-03,USD,1.1927
2023-05-03,EUR,1.2791
2023-05-04,CAD,1.0
2023-05-04,USD,1.194
2023-05-04,EUR,1.2807
2023-05-05,CAD,1.0
2023-05-05,USD,1.1978
2023-05-05,EUR,1.2811
2023-05-06,CAD,1.0
2023-05-06,USD,1.1992
2023-05-06,EUR,1.273
2023-05-07,CAD,1.0
2023-05-07,USD,1.2047
2023-05-07,EUR,1.2825
2023-05-08,CAD,1.0
2023-05-08,USD,1.2019
2023-05-08,EUR,1.2782
2023-05-09,CAD,1.0
2023-05-09,USD,1.2024
2023-05-09,EUR,1.2672
2023-05-10,CAD,1.0
2023-05-10,USD,1.2091
2023-05-10,EUR,1.2596
2023-05-11,CAD,1.0
2023-05-11,USD,1.2167
2023-05-11,EUR,1.2645
2023-05-12,CAD,1.0
2023-05-12,USD,1.2132
2023-05-12,EUR,1.249
2023-05-13,CAD,1.0
2023-05-13,USD,1.2158
2023-05-13,EUR,1.2583
2023-05-14,CAD,1.0
2023-05-14,USD,1.2203
2023-05-14,EUR,1.2597
2023-05-15,CAD,1.0
2023-05-15,USD,1.2322
2023-05-15,EUR,1.2565
2023-05-16,CAD,1.0
2023-05-16,USD,1.2275
2023-05-16,EUR,1.2539
2023-05-17,CAD,1.0
2023-05-17,USD,1.2327
2023-05-17,EUR,1.2548
2023-05-18,CAD,1.0
2023-05-18,USD,1.2327
2023-05-18,EUR,1.2603
2023-05-19,CAD,1.0
2023-05-19,USD,1.2321
2023-05-19,EUR,1.2493
2023-05-20,CAD,1.0
2023-05-20,USD,1.2351
2023-05-20,EUR,1.2559
2023-05-21,CAD,1.0
2023-05-21,USD,1.2372
2023-05-21,EUR,1.2553
2023-05-22,CAD,1.0
2023-05-22,USD,1.2331
2023-05-22,EUR,1.2457
2023-05-23,CAD,1.0
2023-05-23,USD,1.2354
2023-05-23,EUR,1.244
2023-05-24,CAD,1.0
2023-05-24,USD,1.2402
2023-05-24,EUR,1.2486
2023-05-25,CAD,1.0
2023-05-25,USD,1.2473
2023-05-25,EUR,1.245
2023-05-26,CAD,1.0
2023-05-26,USD,1.2503
2023-05-26,EUR,1.2475
2023-05-27,CAD,1.0
2023-05-27,USD,1.2376
2023-05-27,EUR,1.2494
2023-05-28,CAD,1.0
2023-05-28,USD,1.2547
2023-05-28,EUR,1.2546
2023-05-29,CAD,1.0
2023-05-29,USD,1.2486
2023-05-29,EUR,1.2554
2023-05-30,CAD,1.0
2023-05-30,USD,1.2464
2023-05-30,EUR,1.2555
2023-05-31,CAD,1.0
2023-05-31,USD,1.248
2023-05-31,EUR,1.2624
2023-06-01,CAD,1.0
2023-06-01,USD,1.2568
2023-06-01,EUR,1.2527
2023-06-02,CAD,1.0
2023-06-02,USD,1.257
2023-06-02,EUR,1.2669
2023-06-03,CAD,1.0
2023-06-03,USD,1.2476
2023-06-03,EUR,1.264
2023-06-04,CAD,1.0
2023-06-04,USD,1.2549
2023-06-04,EUR,1.2704
2023-06-05,CAD,1.0
2023-06-05,USD,1.2423
2023-06-05,EUR,1.2738
2023-06-06,CAD,1.0
2023-06-06,USD,1.2557
2023-06-06,EUR,1.2791
2023-06-07,CAD,1.0
2023-06-07,USD,1.2468
2023-06-07,EUR,1.271
2023-06-08,CAD,1.0
2023-06-08,USD,1.2481
2023-06-08,EUR,1.297
2023-06-09,CAD,1.0
2023-06-09,USD,1.2417
2023-06-09,EUR,1.2796
2023-06-10,CAD,1.0
2023-06-10,USD,1.251
2023-06-10,EUR,1.2864
2023-06-11,CAD,1.0
2023-06-11,USD,1.2475
2023-06-11,EUR,1.3004
2023-06-12,CAD,1.0
2023-06-12,USD,1.2436
2023-06-12,EUR,1.2935
2023-06-13,CAD,1.0
2023-06-13,USD,1.248
2023-06-13,EUR,1.2929
2023-06-14,CAD,1.0
2023-06-14,USD,1.2389
2023-06-14,EUR,1.3016
2023-06-15,CAD,1.0
2023-06-15,USD,1.2542
2023-06-15,EUR,1.3056
2023-06-16,CAD,1.0
2023-06-16,USD,1.2444
2023-06-16,EUR,1.3073
2023-06-17,CAD,1.0
2023-06-17,USD,1.2414
2023-06-17,EUR,1.3161
2023-06-18,CAD,1.0
2023-06-18,USD,1.2389
2023-06-18,EUR,1.3066
2023-06-19,CAD,1.0
2023-06-19,USD,1.232
2023-06-19,EUR,1.317
2023-06-20,CAD,1.0
2023-06-20,USD,1.2437
2023-06-20,EUR,1.3209
2023-06-21,CAD,1.0
2023-06-21,USD,1.2351
2023-06-21,EUR,1.325
2023-06-22,CAD,1.0
2023-06-22,USD,1.2359
2023-06-22,EUR,1.3297
2023-06-23,CAD,1.0
2023-06-23,USD,1.2398
2023-06-23,EUR,1.3236
2023-06-24,CAD,1.0
2023-06-24,USD,1.2195
2023-06-24,EUR,1.3293
2023-06-25,CAD,1.0
2023-06-25,USD,1.2241
2023-06-25,EUR,1.3378
2023-06-26,CAD,1.0
2023-06-26,USD,1.2236
2023-06-26,EUR,1.3266
2023-06-27,CAD,1.0
2023-06-27,USD,1.2222
2023-06-27,EUR,1.3308
2023-06-28,CAD,1.0
2023-06-28,USD,1.2308
2023-06-28,EUR,1.3427
2023-06-29,CAD,1.0
2023-06-29,USD,1.2238
2023-06-29,EUR,1.3449
2023-06-30,CAD,1.0
2023-06-30,USD,1.2225
2023-06-30,EUR,1.3496
2023-07-01,CAD,1.0
2023-07-01,USD,1.2133
2023-07-01,EUR,1.3383
2023-07-02,CAD,1.0
2023-07-02,USD,1.2093
2023-07-02,EUR,1.3465
2023-07-03,CAD,1.0
2023-07-03,USD,1.1983
2023-07-03,EUR,1.3535
2023-07-04,CAD,1.0
2023-07-04,USD,1.1992
2023-07-04,EUR,1.3516
2023-07-05,CAD,1.0
2023-07-05,USD,1.2054
2023-07-05,EUR,1.3507
2023-07-06,CAD,1.0
2023-07-06,USD,1.2014
2023-07-06,EUR,1.3508
2023-07-07,CAD,1.0
2023-07-07,USD,1.1989
2023-07-07,EUR,1.3472
2023-07-08,CAD,1.0
2023-07-08,USD,1.1943
2023-07-08,EUR,1.3576
2023-07-09,CAD,1.0
2023-07-09,USD,1.1981
2023-07-09,EUR,1.3508
2023-07-10,CAD,1.0
2023-07-10,USD,1.1894
2023-07-10,EUR,1.3481
2023-07-11,CAD,1.0
2023-07-11,USD,1.1863
2023-07-11,EUR,1.3462
2023-07-12,CAD,1.0
2023-07-12,USD,1.1828
2023-07-12,EUR,1.3557
2023-07-13,CAD,1.0
2023-07-13,USD,1.1826
2023-07-13,EUR,1.3423
2023-07-14,CAD,1.0
2023-07-14,USD,1.1774
2023-07-14,EUR,1.3415
2023-07-15,CAD,1.0
2023-07-15,USD,1.1792
2023-07-15,EUR,1.3436
2023-07-16,CAD,1.0
2023-07-16,USD,1.1761
2023-07-16,EUR,1.3342
2023-07-17,CAD,1.0
2023-07-17,USD,1.1696
2023-07-17,EUR,1.3437
2023-07-18,CAD,1.0
2023-07-18,USD,1.1743
2023-07-18,EUR,1.3415
2023-07-19,CAD,1.0
2023-07-19,USD,1.1767
2023-07-19,EUR,1.3368
2023-07-20,CAD,1.0
2023-07-20,USD,1.1646
2023-07-20,EUR,1.3346
2023-07-21,CAD,1.0
2023-07-21,USD,1.1757
2023-07-21,EUR,1.3288
2023-07-22,CAD,1.0
2023-07-22,USD,1.1685
2023-07-22,EUR,1.3283
2023-07-23,CAD,1.0
2023-07-23,USD,1.1719
2023-07-23,EUR,1.3222
2023-07-24,CAD,1.0
2023-07-24,USD,1.169
2023-07-24,EUR,1.3208
2023-07-25,CAD,1.0
2023-07-25,USD,1.1581
2023-07-25,EUR,1.3202
2023-07-26,CAD,1.0
2023-07-26,USD,1.1618
2023-07-26,EUR,1.3261
2023-07-27,CAD,1.0
2023-07-27,USD,1.1602
2023-07-27,EUR,1.3143
2023-07-28,CAD,1.0
2023-07-28,USD,1.1652
2023-07-28,EUR,1.3131
2023-07-29,CAD,1.0
2023-07-29,USD,1.1528
2023-07-29,EUR,1.3136
2023-07-30,CAD,1.0
2023-07-30,USD,1.1512
2023-07-30,EUR,1.3003
2023-07-31,CAD,1.0
2023-07-31,USD,1.1496
2023-07-31,EUR,1.2955
2023-08-01,CAD,1.0
2023-08-01,USD,1.1546
2023-08-01,EUR,1.2956
2023-08-02,CAD,1.0
2023-08-02,USD,1.1348
2023-08-02,EUR,1.2922
2023-08-03,CAD,1.0
2023-08-03,USD,1.1489
2023-08-03,EUR,1.2947
2023-08-04,CAD,1.0
2023-08-04,USD,1.1481
2023-08-04,EUR,1.2997
2023-08-05,CAD,1.0
2023-08-05,USD,1.1575
2023-08-05,EUR,1.2819
2023-08-06,CAD,1.0
2023-08-06,USD,1.156
2023-08-06,EUR,1.2833
2023-08-07,CAD,1.0
2023-08-07,USD,1.1512
2023-08-07,EUR,1.2817
2023-08-08,CAD,1.0
2023-08-08,USD,1.1503
2023-08-08,EUR,1.2759
2023-08-09,CAD,1.0
2023-08-09,USD,1.1542
2023-08-09,EUR,1.2822
2023-08-10,CAD,1.0
2023-08-10,USD,1.1515
2023-08-10,EUR,1.267
2023-08-11,CAD,1.0
2023-08-11,USD,1.1404
2023-08-11,EUR,1.2765
2023-08-12,CAD,1.0
2023-08-12,USD,1.1497
2023-08-12,EUR,1.2669
2023-08-13,CAD,1.0
2023-08-13,USD,1.1611
2023-08-13,EUR,1.2632
2023-08-14,CAD,1.0
2023-08-14,USD,1.1513
2023-08-14,EUR,1.267
2023-08-15,CAD,1.0
2023-08-15,USD,1.1554
2023-08-15,EUR,1.261
2023-08-16,CAD,1.0
2023-08-16,USD,1.1464
2023-08-16,EUR,1.2623
2023-08-17,CAD,1.0
2023-08-17,USD,1.157
2023-08-17,EUR,1.2479
2023-08-18,CAD,1.0
2023-08-18,USD,1.1587
2023-08-18,EUR,1.2432
2023-08-19,CAD,1.0
2023-08-19,USD,1.1692
2023-08-19,EUR,1.2468
2023-08-20,CAD,1.0
2023-08-20,USD,1.1669
2023-08-20,EUR,1.2474
2023-08-21,CAD,1.0
2023-08-21,USD,1.1631
2023-08-21,EUR,1.2462
2023-08-22,CAD,1.0
2023-08-22,USD,1.1669
2023-08-22,EUR,1.2491
2023-08-23,CAD,1.0
2023-08-23,USD,1.1659
2023-08-23,EUR,1.2501
2023-08-24,CAD,1.0
2023-08-24,USD,1.1585
2023-08-24,EUR,1.2525
2023-08-25,CAD,1.0
2023-08-25,USD,1.1647
2023-08-25,EUR,1.2554
2023-08-26,CAD,1.0
2023-08-26,USD,1.1679
2023-08-26,EUR,1.2502
2023-08-27,CAD,1.0
2023-08-27,USD,1.1795
2023-08-27,EUR,1.2632
2023-08-28,CAD,1.0
2023-08-28,USD,1.1771
2023-08-28,EUR,1.2507
2023-08-29,CAD,1.0
2023-08-29,USD,1.1734
2023-08-29,EUR,1.2491
2023-08-30,CAD,1.0
2023-08-30,USD,1.1744
2023-08-30,EUR,1.2531
2023-08-31,CAD,1.0
2023-08-31,USD,1.1896
2023-08-31,EUR,1.2549
2023-09-01,CAD,1.0
2023-09-01,USD,1.176
2023-09-01,EUR,1.2578
2023-09-02,CAD,1.0
2023-09-02,USD,1.1853
2023-09-02,EUR,1.2596
2023-09-03,CAD,1.0
2023-09-03,USD,1.1908
2023-09-03,EUR,1.2618
2023-09-04,CAD,1.0
2023-09-04,USD,1.1931
2023-09-04,EUR,1.2598
2023-09-05,CAD,1.0
2023-09-05,USD,1.2006
2023-09-05,EUR,1.2673
2023-09-06,CAD,1.0
2023-09-06,USD,1.1962
2023-09-06,EUR,1.2647
2023-09-07,CAD,1.0
2023-09-07,USD,1.199
2023-09-07,EUR,1.2745
2023-09-08,CAD,1.0
2023-09-08,USD,1.1933
2023-09-08,EUR,1.2658
2023-09-09,CAD,1.0
2023-09-09,USD,1.2031
2023-09-09,EUR,1.2745
2023-09-10,CAD,1.0
2023-09-10,USD,1.2055
2023-09-10,EUR,1.2735
2023-09-11,CAD,1.0
2023-09-11,USD,1.1989
2023-09-11,EUR,1.2841
2023-09-12,CAD,1.0
2023-09-12,USD,1.2074
2023-09-12,EUR,1.2757
2023-09-13,CAD,1.0
2023-09-13,USD,1.2183
2023-09-13,EUR,1.2829
2023-09-14,CAD,1.0
2023-09-14,USD,1.2269
2023-09-14,EUR,1.2896
2023-09-15,CAD,1.0
2023-09-15,USD,1.2184
2023-09-15,EUR,1.3043
2023-09-16,CAD,1.0
2023-09-16,USD,1.2261
2023-09-16,EUR,1.3093
2023-09-17,CAD,1.0
2023-09-17,USD,1.2134
2023-09-17,EUR,1.297
2023-09-18,CAD,1.0
2023-09-18,USD,1.2244
2023-09-18,EUR,1.3102
2023-09-19,CAD,1.0
2023-09-19,USD,1.2254
2023-09-19,EUR,1.3012
2023-09-20,CAD,1.0
2023-09-20,USD,1.23
2023-09-20,EUR,1.3116
2023-09-21,CAD,1.0
2023-09-21,USD,1.2286
2023-09-21,EUR,1.3044
2023-09-22,CAD,1.0
2023-09-22,USD,1.2356
2023-09-22,EUR,1.3196
2023-09-23,CAD,1.0
2023-09-23,USD,1.2425
2023-09-23,EUR,1.3216
2023-09-24,CAD,1.0
2023-09-24,USD,1.2381
2023-09-24,EUR,1.3291
2023-09-25,CAD,1.0
2023-09-25,USD,1.2283
2023-09-25,EUR,1.3408
2023-09-26,CAD,1.0
2023-09-26,USD,1.2365
2023-09-26,EUR,1.3329
2023-09-27,CAD,1.0
2023-09-27,USD,1.2434
2023-09-27,EUR,1.3289
2023-09-28,CAD,1.0
2023-09-28,USD,1.2509
2023-09-28,EUR,1.3368
2023-09-29,CAD,1.0
2023-09-29,USD,1.2419
2023-09-29,EUR,1.3384
2023-09-30,CAD,1.0
2023-09-30,USD,1.248
2023-09-30,EUR,1.3399
2023-10-01,CAD,1.0
2023-10-01,USD,1.2497
2023-10-01,EUR,1.3333
2023-10-02,CAD,1.0
2023-10-02,USD,1.2426
2023-10-02,EUR,1.3328
2023-10-03,CAD,1.0
2023-10-03,USD,1.2572
2023-10-03,EUR,1.355
2023-10-04,CAD,1.0
2023-10-04,USD,1.2511
2023-10-04,EUR,1.3413
2023-10-05,CAD,1.0
2023-10-05,USD,1.2605
2023-10-05,EUR,1.3445
2023-10-06,CAD,1.0
2023-10-06,USD,1.2481
2023-10-06,EUR,1.3492
2023-10-07,CAD,1.0
2023-10-07,USD,1.2518
2023-10-07,EUR,1.3524
2023-10-08,CAD,1.0
2023-10-08,USD,1.2532
2023-10-08,EUR,1.3489
2023-10-09,CAD,1.0
2023-10-09,USD,1.2533
2023-10-09,EUR,1.349
2023-10-10,CAD,1.0
2023-10-10,USD,1.2529
2023-10-10,EUR,1.3525
2023-10-11,CAD,1.0
2023-10-11,USD,1.2537
2023-10-11,EUR,1.353
2023-10-12,CAD,1.0
2023-10-12,USD,1.2475
2023-10-12,EUR,1.3517
2023-10-13,CAD,1.0
2023-10-13,USD,1.2526
2023-10-13,EUR,1.3424
2023-10-14,CAD,1.0
2023-10-14,USD,1.2475
2023-10-14,EUR,1.351
2023-10-15,CAD,1.0
2023-10-15,USD,1.2568
2023-10-15,EUR,1.3511
2023-10-16,CAD,1.0
2023-10-16,USD,1.2564
2023-10-16,EUR,1.3437
2023-10-17,CAD,1.0
2023-10-17,USD,1.248
2023-10-17,EUR,1.3483
2023-10-18,CAD,1.0
2023-10-18,USD,1.2342
2023-10-18,EUR,1.3502
2023-10-19,CAD,1.0
2023-10-19,USD,1.2354
2023-10-19,EUR,1.3458
2023-10-20,CAD,1.0
2023-10-20,USD,1.247
2023-10-20,EUR,1.3271
2023-10-21,CAD,1.0
2023-10-21,USD,1.2308
2023-10-21,EUR,1.3437
2023-10-22,CAD,1.0
2023-10-22,USD,1.247
2023-10-22,EUR,1.3298
2023-10-23,CAD,1.0
2023-10-23,USD,1.235
2023-10-23,EUR,1.3343
2023-10-24,CAD,1.0
2023-10-24,USD,1.2378
2023-10-24,EUR,1.3343
2023-10-25,CAD,1.0
2023-10-25,USD,1.2385
2023-10-25,EUR,1.3342
2023-10-26,CAD,1.0
2023-10-26,USD,1.2392
2023-10-26,EUR,1.327
2023-10-27,CAD,1.0
2023-10-27,USD,1.2308
2023-10-27,EUR,1.3183
2023-10-28,CAD,1.0
2023-10-28,USD,1.2303
2023-10-28,EUR,1.3265
2023-10-29,CAD,1.0
2023-10-29,USD,1.2265
2023-10-29,EUR,1.3155
2023-10-30,CAD,1.0
2023-10-30,USD,1.2152
2023-10-30,EUR,1.3143
2023-10-31,CAD,1.0
2023-10-31,USD,1.2356
2023-10-31,EUR,1.303
2023-11-01,CAD,1.0
2023-11-01,USD,1.238
2023-11-01,EUR,1.3053
2023-11-02,CAD,1.0
2023-11-02,USD,1.207
2023-11-02,EUR,1.2991
2023-11-03,CAD,1.0
2023-11-03,USD,1.2242
2023-11-03,EUR,1.3077
2023-11-04,CAD,1.0
2023-11-04,USD,1.2187
2023-11-04,EUR,1.3022
2023-11-05,CAD,1.0
2023-11-05,USD,1.2069
2023-11-05,EUR,1.2877
2023-11-06,CAD,1.0
2023-11-06,USD,1.2019
2023-11-06,EUR,1.2848
2023-11-07,CAD,1.0
2023-11-07,USD,1.2117
2023-11-07,EUR,1.2857
2023-11-08,CAD,1.0
2023-11-08,USD,1.2097
2023-11-08,EUR,1.2768
2023-11-09,CAD,1.0
2023-11-09,USD,1.1985
2023-11-09,EUR,1.2794
2023-11-10,CAD,1.0
2023-11-10,USD,1.1974
2023-11-10,EUR,1.282
2023-11-11,CAD,1.0
2023-11-11,USD,1.1948
2023-11-11,EUR,1.2701
2023-11-12,CAD,1.0
2023-11-12,USD,1.1975
2023-11-12,EUR,1.2679
2023-11-13,CAD,1.0
2023-11-13,USD,1.1867
2023-11-13,EUR,1.2618
2023-11-14,CAD,1.0
2023-11-14,USD,1.1931
2023-11-14,EUR,1.2581
2023-11-15,CAD,1.0
2023-11-15,USD,1.195
2023-11-15,EUR,1.2591
2023-11-16,CAD,1.0
2023-11-16,USD,1.1887
2023-11-16,EUR,1.2573
2023-11-17,CAD,1.0
2023-11-17,USD,1.1787
2023-11-17,EUR,1.2597
2023-11-18,CAD,1.0
2023-11-18,USD,1.1862
2023-11-18,EUR,1.2555
2023-11-19,CAD,1.0
2023-11-19,USD,1.1783
2023-11-19,EUR,1.2592
2023-11-20,CAD,1.0
2023-11-20,USD,1.1806
2023-11-20,EUR,1.2536
2023-11-21,CAD,1.0
2023-11-21,USD,1.172
2023-11-21,EUR,1.253
2023-11-22,CAD,1.0
2023-11-22,USD,1.1711
2023-11-22,EUR,1.2532
2023-11-23,CAD,1.0
2023-11-23,USD,1.1641
2023-11-23,EUR,1.2523
2023-11-24,CAD,1.0
2023-11-24,USD,1.1645
2023-11-24,EUR,1.2549
2023-11-25,CAD,1.0
2023-11-25,USD,1.1628
2023-11-25,EUR,1.2468
2023-11-26,CAD,1.0
2023-11-26,USD,1.1666
2023-11-26,EUR,1.2501
2023-11-27,CAD,1.0
2023-11-27,USD,1.1741
2023-11-27,EUR,1.242
2023-11-28,CAD,1.0
2023-11-28,USD,1.1616
2023-11-28,EUR,1.2562
2023-11-29,CAD,1.0
2023-11-29,USD,1.1567
2023-11-29,EUR,1.2465
2023-11-30,CAD,1.0
2023-11-30,USD,1.1538
2023-11-30,EUR,1.2438
2023-12-01,CAD,1.0
2023-12-01,USD,1.1636
2023-12-01,EUR,1.2513
2023-12-02,CAD,1.0
2023-12-02,USD,1.1534
2023-12-02,EUR,1.2435
2023-12-03,CAD,1.0
2023-12-03,USD,1.1474
2023-12-03,EUR,1.2629
2023-12-04,CAD,1.0
2023-12-04,USD,1.1551
2023-12-04,EUR,1.263
2023-12-05,CAD,1.0
2023-12-05,USD,1.1579
2023-12-05,EUR,1.254
2023-12-06,CAD,1.0
2023-12-06,USD,1.1641
2023-12-06,EUR,1.2707
2023-12-07,CAD,1.0
2023-12-07,USD,1.1485
2023-12-07,EUR,1.2453
2023-12-08,CAD,1.0
2023-12-08,USD,1.149
2023-12-08,EUR,1.2667
2023-12-09,CAD,1.0
2023-12-09,USD,1.1476
2023-12-09,EUR,1.2669
2023-12-10,CAD,1.0
2023-12-10,USD,1.146
2023-12-10,EUR,1.2752
2023-12-11,CAD,1.0
2023-12-11,USD,1.1503
2023-12-11,EUR,1.2781
2023-12-12,CAD,1.0
2023-12-12,USD,1.1561
2023-12-12,EUR,1.2654
2023-12-13,CAD,1.0
2023-12-13,USD,1.1463
2023-12-13,EUR,1.2761
2023-12-14,CAD,1.0
2023-12-14,USD,1.1632
2023-12-14,EUR,1.283
2023-12-15,CAD,1.0
2023-12-15,USD,1.1548
2023-12-15,EUR,1.276
2023-12-16,CAD,1.0
2023-12-16,USD,1.1519
2023-12-16,EUR,1.2936
2023-12-17,CAD,1.0
2023-12-17,USD,1.1561
2023-12-17,EUR,1.2951
2023-12-18,CAD,1.0
2023-12-18,USD,1.1526
2023-12-18,EUR,1.2956
2023-12-19,CAD,1.0
2023-12-19,USD,1.1449
2023-12-19,EUR,1.2941
2023-12-20,CAD,1.0
2023-12-20,USD,1.1555
2023-12-20,EUR,1.2983
2023-12-21,CAD,1.0
2023-12-21,USD,1.1589
2023-12-21,EUR,1.3076
2023-12-22,CAD,1.0
2023-12-22,USD,1.1635
2023-12-22,EUR,1.3133
2023-12-23,CAD,1.0
2023-12-23,USD,1.1591
2023-12-23,EUR,1.3155
2023-12-24,CAD,1.0
2023-12-24,USD,1.1644
2023-12-24,EUR,1.3125
2023-12-25,CAD,1.0
2023-12-25,USD,1.1592
2023-12-25,EUR,1.3177
2023-12-26,CAD,1.0
2023-12-26,USD,1.1601
2023-12-26,EUR,1.3263
2023-12-27,CAD,1.0
2023-12-27,USD,1.161
2023-12-27,EUR,1.3304
2023-12-28,CAD,1.0
2023-12-28,USD,1.1641
2023-12-28,EUR,1.3294
2023-12-29,CAD,1.0
2023-12-29,USD,1.1686
2023-12-29,EUR,1.3249
2023-12-30,CAD,1.0
2023-12-30,USD,1.1697
2023-12-30,EUR,1.3341
2023-12-31,CAD,1.0
2023-12-31,USD,1.1715
2023-12-31,EUR,1.3281
2024-01-01,CAD,1.0
2024-01-01,USD,1.211
2024-01-01,EUR,1.3503
2024-01-02,CAD,1.0
2024-01-02,USD,1.201
2024-01-02,EUR,1.3577
2024-01-03,CAD,1.0
2024-01-03,USD,1.2106
2024-01-03,EUR,1.343
2024-01-04,CAD,1.0
2024-01-04,USD,1.2047
2024-01-04,EUR,1.3471
2024-01-05,CAD,1.0
2024-01-05,USD,1.2139
2024-01-05,EUR,1.3504
2024-01-06,CAD,1.0
2024-01-06,USD,1.2195
2024-01-06,EUR,1.3488
2024-01-07,CAD,1.0
2024-01-07,USD,1.2239
2024-01-07,EUR,1.3453
2024-01-08,CAD,1.0
2024-01-08,USD,1.2157
2024-01-08,EUR,1.343
2024-01-09,CAD,1.0
2024-01-09,USD,1.2214
2024-01-09,EUR,1.3284
2024-01-10,CAD,1.0
2024-01-10,USD,1.2212
2024-01-10,EUR,1.3409
2024-01-11,CAD,1.0
2024-01-11,USD,1.224
2024-01-11,EUR,1.3339
2024-01-12,CAD,1.0
2024-01-12,USD,1.2328
2024-01-12,EUR,1.3303
2024-01-13,CAD,1.0
2024-01-13,USD,1.2338
2024-01-13,EUR,1.3257
2024-01-14,CAD,1.0
2024-01-14,USD,1.246
2024-01-14,EUR,1.3287
2024-01-15,CAD,1.0
2024-01-15,USD,1.2325
2024-01-15,EUR,1.3327
2024-01-16,CAD,1.0
2024-01-16,USD,1.2338
2024-01-16,EUR,1.3314
2024-01-17,CAD,1.0
2024-01-17,USD,1.2394
2024-01-17,EUR,1.3206
2024-01-18,CAD,1.0
2024-01-18,USD,1.238
2024-01-18,EUR,1.3242
2024-01-19,CAD,1.0
2024-01-19,USD,1.2418
2024-01-19,EUR,1.3171
2024-01-20,CAD,1.0
2024-01-20,USD,1.2448
2024-01-20,EUR,1.3124
2024-01-21,CAD,1.0
2024-01-21,USD,1.246
2024-01-21,EUR,1.3079
2024-01-22,CAD,1.0
2024-01-22,USD,1.2443
2024-01-22,EUR,1.2996
2024-01-23,CAD,1.0
2024-01-23,USD,1.2471
2024-01-23,EUR,1.2933
2024-01-24,CAD,1.0
2024-01-24,USD,1.248
2024-01-24,EUR,1.2971
2024-01-25,CAD,1.0
2024-01-25,USD,1.2493
2024-01-25,EUR,1.29
2024-01-26,CAD,1.0
2024-01-26,USD,1.2376
2024-01-26,EUR,1.2902
2024-01-27,CAD,1.0
2024-01-27,USD,1.2436
2024-01-27,EUR,1.2797
2024-01-28,CAD,1.0
2024-01-28,USD,1.2531
2024-01-28,EUR,1.2934
2024-01-29,CAD,1.0
2024-01-29,USD,1.2457
2024-01-29,EUR,1.2819
2024-01-30,CAD,1.0
2024-01-30,USD,1.2483
2024-01-30,EUR,1.2759
2024-01-31,CAD,1.0
2024-01-31,USD,1.2533
2024-01-31,EUR,1.2813
2024-02-01,CAD,1.0
2024-02-01,USD,1.2456
2024-02-01,EUR,1.2736
2024-02-02,CAD,1.0
2024-02-02,USD,1.2563
2024-02-02,EUR,1.274
2024-02-03,CAD,1.0
2024-02-03,USD,1.2538
2024-02-03,EUR,1.2748
2024-02-04,CAD,1.0
2024-02-04,USD,1.256
2024-02-04,EUR,1.2706
2024-02-05,CAD,1.0
2024-02-05,USD,1.2494
2024-02-05,EUR,1.2612
2024-02-06,CAD,1.0
2024-02-06,USD,1.2486
2024-02-06,EUR,1.2583
2024-02-07,CAD,1.0
2024-02-07,USD,1.2376
2024-02-07,EUR,1.2576
2024-02-08,CAD,1.0
2024-02-08,USD,1.2482
2024-02-08,EUR,1.2542
2024-02-09,CAD,1.0
2024-02-09,USD,1.2445
2024-02-09,EUR,1.2548
2024-02-10,CAD,1.0
2024-02-10,USD,1.2512
2024-02-10,EUR,1.2523
2024-02-11,CAD,1.0
2024-02-11,USD,1.2499
2024-02-11,EUR,1.2393
2024-02-12,CAD,1.0
2024-02-12,USD,1.2486
2024-02-12,EUR,1.2584
2024-02-13,CAD,1.0
2024-02-13,USD,1.2449
2024-02-13,EUR,1.241
2024-02-14,CAD,1.0
2024-02-14,USD,1.244
2024-02-14,EUR,1.2502
2024-02-15,CAD,1.0
2024-02-15,USD,1.2246
2024-02-15,EUR,1.2566
2024-02-16,CAD,1.0
2024-02-16,USD,1.2428
2024-02-16,EUR,1.2405
2024-02-17,CAD,1.0
2024-02-17,USD,1.2347
2024-02-17,EUR,1.257
2024-02-18,CAD,1.0
2024-02-18,USD,1.238
2024-02-18,EUR,1.2546
2024-02-19,CAD,1.0
2024-02-19,USD,1.2167
2024-02-19,EUR,1.2546
2024-02-20,CAD,1.0
2024-02-20,USD,1.2268
2024-02-20,EUR,1.2566
2024-02-21,CAD,1.0
2024-02-21,USD,1.2271
2024-02-21,EUR,1.2525
2024-02-22,CAD,1.0
2024-02-22,USD,1.2268
2024-02-22,EUR,1.2529
2024-02-23,CAD,1.0
2024-02-23,USD,1.2212
2024-02-23,EUR,1.2524
2024-02-24,CAD,1.0
2024-02-24,USD,1.2111
2024-02-24,EUR,1.2596
2024-02-25,CAD,1.0
2024-02-25,USD,1.2127
2024-02-25,EUR,1.2575
2024-02-26,CAD,1.0
2024-02-26,USD,1.2158
2024-02-26,EUR,1.25
2024-02-27,CAD,1.0
2024-02-27,USD,1.2027
2024-02-27,EUR,1.2611
2024-02-28,CAD,1.0
2024-02-28,USD,1.2118
2024-02-28,EUR,1.2686
2024-02-29,CAD,1.0
2024-02-29,USD,1.1991
2024-02-29,EUR,1.2705
2024-03-01,CAD,1.0
2024-03-01,USD,1.2033
2024-03-01,EUR,1.2655
2024-03-02,CAD,1.0
2024-03-02,USD,1.1988
2024-03-02,EUR,1.2766
2024-03-03,CAD,1.0
2024-03-03,USD,1.2009
2024-03-03,EUR,1.2757
2024-03-04,CAD,1.0
2024-03-04,USD,1.1983
2024-03-04,EUR,1.2831
2024-03-05,CAD,1.0
2024-03-05,USD,1.1941
2024-03-05,EUR,1.2818
2024-03-06,CAD,1.0
2024-03-06,USD,1.1978
2024-03-06,EUR,1.283
2024-03-07,CAD,1.0
2024-03-07,USD,1.1927
2024-03-07,EUR,1.2853
2024-03-08,CAD,1.0
2024-03-08,USD,1.1851
2024-03-08,EUR,1.2906
2024-03-09,CAD,1.0
2024-03-09,USD,1.1874
2024-03-09,EUR,1.3004
2024-03-10,CAD,1.0
2024-03-10,USD,1.1829
2024-03-10,EUR,1.2902
2024-03-11,CAD,1.0
2024-03-11,USD,1.1833
2024-03-11,EUR,1.3133
2024-03-12,CAD,1.0
2024-03-12,USD,1.1784
2024-03-12,EUR,1.2958
2024-03-13,CAD,1.0
2024-03-13,USD,1.1765
2024-03-13,EUR,1.3077
2024-03-14,CAD,1.0
2024-03-14,USD,1.1731
2024-03-14,EUR,1.3157
2024-03-15,CAD,1.0
2024-03-15,USD,1.1783
2024-03-15,EUR,1.3176
2024-03-16,CAD,1.0
2024-03-16,USD,1.1687
2024-03-16,EUR,1.323
2024-03-17,CAD,1.0
2024-03-17,USD,1.16
2024-03-17,EUR,1.3169
2024-03-18,CAD,1.0
2024-03-18,USD,1.1626
2024-03-18,EUR,1.3233
2024-03-19,CAD,1.0
2024-03-19,USD,1.1664
2024-03-19,EUR,1.3253
2024-03-20,CAD,1.0
2024-03-20,USD,1.1576
2024-03-20,EUR,1.334
2024-03-21,CAD,1.0
2024-03-21,USD,1.1594
2024-03-21,EUR,1.3322
2024-03-22,CAD,1.0
2024-03-22,USD,1.1618
2024-03-22,EUR,1.3344
2024-03-23,CAD,1.0
2024-03-23,USD,1.1579
2024-03-23,EUR,1.3417
2024-03-24,CAD,1.0
2024-03-24,USD,1.1572
2024-03-24,EUR,1.3431
2024-03-25,CAD,1.0
2024-03-25,USD,1.158
2024-03-25,EUR,1.3509
2024-03-26,CAD,1.0
2024-03-26,USD,1.1562
2024-03-26,EUR,1.3458
2024-03-27,CAD,1.0
2024-03-27,USD,1.1588
2024-03-27,EUR,1.3446
2024-03-28,CAD,1.0
2024-03-28,USD,1.1492
2024-03-28,EUR,1.3434
2024-03-29,CAD,1.0
2024-03-29,USD,1.1494
2024-03-29,EUR,1.3422
2024-03-30,CAD,1.0
2024-03-30,USD,1.1527
2024-03-30,EUR,1.3449
2024-03-31,CAD,1.0
2024-03-31,USD,1.1516
2024-03-31,EUR,1.348
2024-04-01,CAD,1.0
2024-04-01,USD,1.1501
2024-04-01,EUR,1.3522
2024-04-02,CAD,1.0
2024-04-02,USD,1.1474
2024-04-02,EUR,1.353
2024-04-03,CAD,1.0
2024-04-03,USD,1.1578
2024-04-03,EUR,1.3517
2024-04-04,CAD,1.0
2024-04-04,USD,1.1461
2024-04-04,EUR,1.3469
2024-04-05,CAD,1.0
2024-04-05,USD,1.149
2024-04-05,EUR,1.3467
2024-04-06,CAD,1.0
2024-04-06,USD,1.1455
2024-04-06,EUR,1.3499
2024-04-07,CAD,1.0
2024-04-07,USD,1.1498
2024-04-07,EUR,1.3494
2024-04-08,CAD,1.0
2024-04-08,USD,1.1573
2024-04-08,EUR,1.3463
2024-04-09,CAD,1.0
2024-04-09,USD,1.1461
2024-04-09,EUR,1.3444
2024-04-10,CAD,1.0
2024-04-10,USD,1.1567
2024-04-10,EUR,1.3484
2024-04-11,CAD,1.0
2024-04-11,USD,1.1563
2024-04-11,EUR,1.3403
2024-04-12,CAD,1.0
2024-04-12,USD,1.1585
2024-04-12,EUR,1.3466
2024-04-13,CAD,1.0
2024-04-13,USD,1.1524
2024-04-13,EUR,1.3396
2024-04-14,CAD,1.0
2024-04-14,USD,1.1672
2024-04-14,EUR,1.334
2024-04-15,CAD,1.0
2024-04-15,USD,1.1499
2024-04-15,EUR,1.3423
2024-04-16,CAD,1.0
2024-04-16,USD,1.1655
2024-04-16,EUR,1.3307
2024-04-17,CAD,1.0
2024-04-17,USD,1.1608
2024-04-17,EUR,1.3243
2024-04-18,CAD,1.0
2024-04-18,USD,1.1634
2024-04-18,EUR,1.3335
2024-04-19,CAD,1.0
2024-04-19,USD,1.162
2024-04-19,EUR,1.3293
2024-04-20,CAD,1.0
2024-04-20,USD,1.1689
2024-04-20,EUR,1.3248
2024-04-21,CAD,1.0
2024-04-21,USD,1.166
2024-04-21,EUR,1.3171
2024-04-22,CAD,1.0
2024-04-22,USD,1.1612
2024-04-22,EUR,1.3129
2024-04-23,CAD,1.0
2024-04-23,USD,1.1783
2024-04-23,EUR,1.3079
2024-04-24,CAD,1.0
2024-04-24,USD,1.1707
2024-04-24,EUR,1.3125
2024-04-25,CAD,1.0
2024-04-25,USD,1.1788
2024-04-25,EUR,1.3095
2024-04-26,CAD,1.0
2024-04-26,USD,1.1732
2024-04-26,EUR,1.3155
2024-04-27,CAD,1.0
2024-04-27,USD,1.1752
2024-04-27,EUR,1.3001
2024-04-28,CAD,1.0
2024-04-28,USD,1.1829
2024-04-28,EUR,1.2901
2024-04-29,CAD,1.0
2024-04-29,USD,1.1842
2024-04-29,EUR,1.2928
2024-04-30,CAD,1.0
2024-04-30,USD,1.1852
2024-04-30,EUR,1.2941
2024-05-01,CAD,1.0
2024-05-01,USD,1.1901
2024-05-01,EUR,1.2795
2024-05-02,CAD,1.0
2024-05-02,USD,1.1862
2024-05-02,EUR,1.2861
2024-05-03,CAD,1.0
2024-05-03,USD,1.1884
2024-05-03,EUR,1.2815
2024-05-04,CAD,1.0
2024-05-04,USD,1.2006
2024-05-04,EUR,1.272
2024-05-05,CAD,1.0
2024-05-05,USD,1.2053
2024-05-05,EUR,1.2654
2024-05-06,CAD,1.0
2024-05-06,USD,1.2048
2024-05-06,EUR,1.271
2024-05-07,CAD,1.0
2024-05-07,USD,1.2052
2024-05-07,EUR,1.2627
2024-05-08,CAD,1.0
2024-05-08,USD,1.2036
2024-05-08,EUR,1.2742
2024-05-09,CAD,1.0
2024-05-09,USD,1.2168
2024-05-09,EUR,1.2674
2024-05-10,CAD,1.0
2024-05-10,USD,1.2179
2024-05-10,EUR,1.2657
2024-05-11,CAD,1.0
2024-05-11,USD,1.214
2024-05-11,EUR,1.2597
2024-05-12,CAD,1.0
2024-05-12,USD,1.2106
2024-05-12,EUR,1.2571
2024-05-13,CAD,1.0
2024-05-13,USD,1.2262
2024-05-13,EUR,1.2526
2024-05-14,CAD,1.0
2024-05-14,USD,1.2276
2024-05-14,EUR,1.2549
2024-05-15,CAD,1.0
2024-05-15,USD,1.2178
2024-05-15,EUR,1.2476
2024-05-16,CAD,1.0
2024-05-16,USD,1.2314
2024-05-16,EUR,1.2549
2024-05-17,CAD,1.0
2024-05-17,USD,1.2294
2024-05-17,EUR,1.2499
2024-05-18,CAD,1.0
2024-05-18,USD,1.232
2024-05-18,EUR,1.255
2024-05-19,CAD,1.0
2024-05-19,USD,1.2402
2024-05-19,EUR,1.2578
2024-05-20,CAD,1.0
2024-05-20,USD,1.2366
2024-05-20,EUR,1.2492
2024-05-21,CAD,1.0
2024-05-21,USD,1.2372
2024-05-21,EUR,1.2527
2024-05-22,CAD,1.0
2024-05-22,USD,1.2407
2024-05-22,EUR,1.2568
2024-05-23,CAD,1.0
2024-05-23,USD,1.2503
2024-05-23,EUR,1.2497
2024-05-24,CAD,1.0
2024-05-24,USD,1.2519
2024-05-24,EUR,1.2573
2024-05-25,CAD,1.0
2024-05-25,USD,1.242
2024-05-25,EUR,1.2599
2024-05-26,CAD,1.0
2024-05-26,USD,1.2522
2024-05-26,EUR,1.2512
2024-05-27,CAD,1.0
2024-05-27,USD,1.2536
2024-05-27,EUR,1.2602
2024-05-28,CAD,1.0
2024-05-28,USD,1.2578
2024-05-28,EUR,1.2542
2024-05-29,CAD,1.0
2024-05-29,USD,1.2451
2024-05-29,EUR,1.2479
2024-05-30,CAD,1.0
2024-05-30,USD,1.2506
2024-05-30,EUR,1.2618
2024-05-31,CAD,1.0
2024-05-31,USD,1.2456
2024-05-31,EUR,1.2616
2024-06-01,CAD,1.0
2024-06-01,USD,1.2424
2024-06-01,EUR,1.2703
2024-06-02,CAD,1.0
2024-06-02,USD,1.247
2024-06-02,EUR,1.2822
2024-06-03,CAD,1.0
2024-06-03,USD,1.2489
2024-06-03,EUR,1.2655
2024-06-04,CAD,1.0
2024-06-04,USD,1.2479
2024-06-04,EUR,1.2649
2024-06-05,CAD,1.0
2024-06-05,USD,1.2524
2024-06-05,EUR,1.2727
2024-06-06,CAD,1.0
2024-06-06,USD,1.2556
2024-06-06,EUR,1.2763
2024-06-07,CAD,1.0
2024-06-07,USD,1.2567
2024-06-07,EUR,1.2845
2024-06-08,CAD,1.0
2024-06-08,USD,1.2496
2024-06-08,EUR,1.2918
2024-06-09,CAD,1.0
2024-06-09,USD,1.2538
2024-06-09,EUR,1.3018
2024-06-10,CAD,1.0
2024-06-10,USD,1.2464
2024-06-10,EUR,1.2907
2024-06-11,CAD,1.0
2024-06-11,USD,1.2557
2024-06-11,EUR,1.2859
2024-06-12,CAD,1.0
2024-06-12,USD,1.2536
2024-06-12,EUR,1.2991
2024-06-13,CAD,1.0
2024-06-13,USD,1.2417
2024-06-13,EUR,1.2934
2024-06-14,CAD,1.0
2024-06-14,USD,1.2417
2024-06-14,EUR,1.2921
2024-06-15,CAD,1.0
2024-06-15,USD,1.2415
2024-06-15,EUR,1.31
2024-06-16,CAD,1.0
2024-06-16,USD,1.2403
2024-06-16,EUR,1.3171
2024-06-17,CAD,1.0
2024-06-17,USD,1.2497
2024-06-17,EUR,1.3198
2024-06-18,CAD,1.0
2024-06-18,USD,1.2411
2024-06-18,EUR,1.3049
2024-06-19,CAD,1.0
2024-06-19,USD,1.2349
2024-06-19,EUR,1.319
2024-06-20,CAD,1.0
2024-06-20,USD,1.2323
2024-06-20,EUR,1.322
2024-06-21,CAD,1.0
2024-06-21,USD,1.243
2024-06-21,EUR,1.3174
2024-06-22,CAD,1.0
2024-06-22,USD,1.2422
2024-06-22,EUR,1.3328
2024-06-23,CAD,1.0
2024-06-23,USD,1.2326
2024-06-23,EUR,1.3275
2024-06-24,CAD,1.0
2024-06-24,USD,1.2249
2024-06-24,EUR,1.3255
2024-06-25,CAD,1.0
2024-06-25,USD,1.2358
2024-06-25,EUR,1.3437
2024-06-26,CAD,1.0
2024-06-26,USD,1.218
2024-06-26,EUR,1.3355
2024-06-27,CAD,1.0
2024-06-27,USD,1.225
2024-06-27,EUR,1.3388
2024-06-28,CAD,1.0
2024-06-28,USD,1.211
2024-06-28,EUR,1.3389
2024-06-29,CAD,1.0
2024-06-29,USD,1.2281
2024-06-29,EUR,1.3409
2024-06-30,CAD,1.0
2024-06-30,USD,1.2151
2024-06-30,EUR,1.3397
2024-07-01,CAD,1.0
2024-07-01,USD,1.2165
2024-07-01,EUR,1.3473
2024-07-02,CAD,1.0
2024-07-02,USD,1.2074
2024-07-02,EUR,1.3412
2024-07-03,CAD,1.0
2024-07-03,USD,1.2157
2024-07-03,EUR,1.3406
2024-07-04,CAD,1.0
2024-07-04,USD,1.2087
2024-07-04,EUR,1.3385
2024-07-05,CAD,1.0
2024-07-05,USD,1.2073
2024-07-05,EUR,1.3546
2024-07-06,CAD,1.0
2024-07-06,USD,1.2067
2024-07-06,EUR,1.3492
2024-07-07,CAD,1.0
2024-07-07,USD,1.2067
2024-07-07,EUR,1.3615
2024-07-08,CAD,1.0
2024-07-08,USD,1.1946
2024-07-08,EUR,1.3475
2024-07-09,CAD,1.0
2024-07-09,USD,1.1945
2024-07-09,EUR,1.3469
2024-07-10,CAD,1.0
2024-07-10,USD,1.1882
2024-07-10,EUR,1.346
2024-07-11,CAD,1.0
2024-07-11,USD,1.1974
2024-07-11,EUR,1.3516
2024-07-12,CAD,1.0
2024-07-12,USD,1.184
2024-07-12,EUR,1.3344
2024-07-13,CAD,1.0
2024-07-13,USD,1.1763
2024-07-13,EUR,1.3479
2024-07-14,CAD,1.0
2024-07-14,USD,1.1711
2024-07-14,EUR,1.3453
2024-07-15,CAD,1.0
2024-07-15,USD,1.174
2024-07-15,EUR,1.3426
2024-07-16,CAD,1.0
2024-07-16,USD,1.1774
2024-07-16,EUR,1.3409
2024-07-17,CAD,1.0
2024-07-17,USD,1.173
2024-07-17,EUR,1.3361
2024-07-18,CAD,1.0
2024-07-18,USD,1.1692
2024-07-18,EUR,1.3384
2024-07-19,CAD,1.0
2024-07-19,USD,1.1748
2024-07-19,EUR,1.3275
2024-07-20,CAD,1.0
2024-07-20,USD,1.1685
2024-07-20,EUR,1.3321
2024-07-21,CAD,1.0
2024-07-21,USD,1.1678
2024-07-21,EUR,1.3292
2024-07-22,CAD,1.0
2024-07-22,USD,1.163
2024-07-22,EUR,1.327
2024-07-23,CAD,1.0
2024-07-23,USD,1.1664
2024-07-23,EUR,1.3234
2024-07-24,CAD,1.0
2024-07-24,USD,1.1641
2024-07-24,EUR,1.3246
2024-07-25,CAD,1.0
2024-07-25,USD,1.1508
2024-07-25,EUR,1.3213
2024-07-26,CAD,1.0
2024-07-26,USD,1.1603
2024-07-26,EUR,1.3078
2024-07-27,CAD,1.0
2024-07-27,USD,1.1613
2024-07-27,EUR,1.3081
2024-07-28,CAD,1.0
2024-07-28,USD,1.1547
2024-07-28,EUR,1.3043
2024-07-29,CAD,1.0
2024-07-29,USD,1.1564
2024-07-29,EUR,1.2996
2024-07-30,CAD,1.0
2024-07-30,USD,1.1584
2024-07-30,EUR,1.2995
2024-07-31,CAD,1.0
2024-07-31,USD,1.1511
2024-07-31,EUR,1.3006
2024-08-01,CAD,1.0
2024-08-01,USD,1.1506
2024-08-01,EUR,1.2983
2024-08-02,CAD,1.0
2024-08-02,USD,1.1564
2024-08-02,EUR,1.2836
2024-08-03,CAD,1.0
2024-08-03,USD,1.1565
2024-08-03,EUR,1.2797
2024-08-04,CAD,1.0
2024-08-04,USD,1.1564
2024-08-04,EUR,1.294
2024-08-05,CAD,1.0
2024-08-05,USD,1.1546
2024-08-05,EUR,1.2699
2024-08-06,CAD,1.0
2024-08-06,USD,1.1554
2024-08-06,EUR,1.2889
2024-08-07,CAD,1.0
2024-08-07,USD,1.1485
2024-08-07,EUR,1.2746
2024-08-08,CAD,1.0
2024-08-08,USD,1.1441
2024-08-08,EUR,1.2735
2024-08-09,CAD,1.0
2024-08-09,USD,1.1566
2024-08-09,EUR,1.2727
2024-08-10,CAD,1.0
2024-08-10,USD,1.1663
2024-08-10,EUR,1.2668
2024-08-11,CAD,1.0
2024-08-11,USD,1.1429
2024-08-11,EUR,1.2651
2024-08-12,CAD,1.0
2024-08-12,USD,1.1395
2024-08-12,EUR,1.2594
2024-08-13,CAD,1.0
2024-08-13,USD,1.1604
2024-08-13,EUR,1.2616
2024-08-14,CAD,1.0
2024-08-14,USD,1.154
2024-08-14,EUR,1.2671
2024-08-15,CAD,1.0
2024-08-15,USD,1.1527
2024-08-15,EUR,1.2626
2024-08-16,CAD,1.0
2024-08-16,USD,1.1557
2024-08-16,EUR,1.2567
2024-08-17,CAD,1.0
2024-08-17,USD,1.1501
2024-08-17,EUR,1.2511
2024-08-18,CAD,1.0
2024-08-18,USD,1.1505
2024-08-18,EUR,1.2519
2024-08-19,CAD,1.0
2024-08-19,USD,1.1608
2024-08-19,EUR,1.2459
2024-08-20,CAD,1.0
2024-08-20,USD,1.1706
2024-08-20,EUR,1.2522
2024-08-21,CAD,1.0
2024-08-21,USD,1.1622
2024-08-21,EUR,1.2541
2024-08-22,CAD,1.0
2024-08-22,USD,1.1594
2024-08-22,EUR,1.2509
2024-08-23,CAD,1.0
2024-08-23,USD,1.1617
2024-08-23,EUR,1.2578
2024-08-24,CAD,1.0
2024-08-24,USD,1.1619
2024-08-24,EUR,1.2505
2024-08-25,CAD,1.0
2024-08-25,USD,1.1707
2024-08-25,EUR,1.2526
2024-08-26,CAD,1.0
2024-08-26,USD,1.1682
2024-08-26,EUR,1.2468
2024-08-27,CAD,1.0
2024-08-27,USD,1.1703
2024-08-27,EUR,1.2548
2024-08-28,CAD,1.0
2024-08-28,USD,1.1746
2024-08-28,EUR,1.2572
2024-08-29,CAD,1.0
2024-08-29,USD,1.1799
2024-08-29,EUR,1.2431
2024-08-30,CAD,1.0
2024-08-30,USD,1.181
2024-08-30,EUR,1.2672
2024-08-31,CAD,1.0
2024-08-31,USD,1.1887
2024-08-31,EUR,1.2597
2024-09-01,CAD,1.0
2024-09-01,USD,1.1791
2024-09-01,EUR,1.2619
2024-09-02,CAD,1.0
2024-09-02,USD,1.1905
2024-09-02,EUR,1.2602
2024-09-03,CAD,1.0
2024-09-03,USD,1.1908
2024-09-03,EUR,1.2713
2024-09-04,CAD,1.0
2024-09-04,USD,1.1874
2024-09-04,EUR,1.2608
2024-09-05,CAD,1.0
2024-09-05,USD,1.1977
2024-09-05,EUR,1.2709
2024-09-06,CAD,1.0
2024-09-06,USD,1.2018
2024-09-06,EUR,1.2741
2024-09-07,CAD,1.0
2024-09-07,USD,1.1963
2024-09-07,EUR,1.2762
2024-09-08,CAD,1.0
2024-09-08,USD,1.196
2024-09-08,EUR,1.2757
2024-09-09,CAD,1.0
2024-09-09,USD,1.2067
2024-09-09,EUR,1.2782
2024-09-10,CAD,1.0
2024-09-10,USD,1.219
2024-09-10,EUR,1.2736
2024-09-11,CAD,1.0
2024-09-11,USD,1.2064
2024-09-11,EUR,1.2816
2024-09-12,CAD,1.0
2024-09-12,USD,1.2081
2024-09-12,EUR,1.2863
2024-09-13,CAD,1.0
2024-09-13,USD,1.2074
2024-09-13,EUR,1.2965
2024-09-14,CAD,1.0
2024-09-14,USD,1.2136
2024-09-14,EUR,1.2969
2024-09-15,CAD,1.0
2024-09-15,USD,1.2165
2024-09-15,EUR,1.2959
2024-09-16,CAD,1.0
2024-09-16,USD,1.2294
2024-09-16,EUR,1.3073
2024-09-17,CAD,1.0
2024-09-17,USD,1.2139
2024-09-17,EUR,1.2962
2024-09-18,CAD,1.0
2024-09-18,USD,1.2306
2024-09-18,EUR,1.3067
2024-09-19,CAD,1.0
2024-09-19,USD,1.2193
2024-09-19,EUR,1.3178
2024-09-20,CAD,1.0
2024-09-20,USD,1.2304
2024-09-20,EUR,1.317
2024-09-21,CAD,1.0
2024-09-21,USD,1.2356
2024-09-21,EUR,1.3124
2024-09-22,CAD,1.0
2024-09-22,USD,1.2253
2024-09-22,EUR,1.3299
2024-09-23,CAD,1.0
2024-09-23,USD,1.2281
2024-09-23,EUR,1.3188
2024-09-24,CAD,1.0
2024-09-24,USD,1.2319
2024-09-24,EUR,1.3381
2024-09-25,CAD,1.0
2024-09-25,USD,1.2411
2024-09-25,EUR,1.3353
2024-09-26,CAD,1.0
2024-09-26,USD,1.2412
2024-09-26,EUR,1.33
2024-09-27,CAD,1.0
2024-09-27,USD,1.2448
2024-09-27,EUR,1.3277
2024-09-28,CAD,1.0
2024-09-28,USD,1.2375
2024-09-28,EUR,1.3414
2024-09-29,CAD,1.0
2024-09-29,USD,1.2374
2024-09-29,EUR,1.3389
2024-09-30,CAD,1.0
2024-09-30,USD,1.2446
2024-09-30,EUR,1.3391
2024-10-01,CAD,1.0
2024-10-01,USD,1.2365
2024-10-01,EUR,1.3403
2024-10-02,CAD,1.0
2024-10-02,USD,1.2431
2024-10-02,EUR,1.3458
2024-10-03,CAD,1.0
2024-10-03,USD,1.2485
2024-10-03,EUR,1.3483
2024-10-04,CAD,1.0
2024-10-04,USD,1.2452
2024-10-04,EUR,1.3501
2024-10-05,CAD,1.0
2024-10-05,USD,1.2413
2024-10-05,EUR,1.3393
2024-10-06,CAD,1.0
2024-10-06,USD,1.2379
2024-10-06,EUR,1.3467
2024-10-07,CAD,1.0
2024-10-07,USD,1.246
2024-10-07,EUR,1.3536
2024-10-08,CAD,1.0
2024-10-08,USD,1.2467
2024-10-08,EUR,1.3513
2024-10-09,CAD,1.0
2024-10-09,USD,1.2541
2024-10-09,EUR,1.3466
2024-10-10,CAD,1.0
2024-10-10,USD,1.2514
2024-10-10,EUR,1.3548
2024-10-11,CAD,1.0
2024-10-11,USD,1.2435
2024-10-11,EUR,1.3496
2024-10-12,CAD,1.0
2024-10-12,USD,1.2459
2024-10-12,EUR,1.343
2024-10-13,CAD,1.0
2024-10-13,USD,1.2412
2024-10-13,EUR,1.342
2024-10-14,CAD,1.0
2024-10-14,USD,1.2486
2024-10-14,EUR,1.3389
2024-10-15,CAD,1.0
2024-10-15,USD,1.2448
2024-10-15,EUR,1.3498
2024-10-16,CAD,1.0
2024-10-16,USD,1.249
2024-10-16,EUR,1.3416
2024-10-17,CAD,1.0
2024-10-17,USD,1.2542
2024-10-17,EUR,1.3521
2024-10-18,CAD,1.0
2024-10-18,USD,1.2449
2024-10-18,EUR,1.3284
2024-10-19,CAD,1.0
2024-10-19,USD,1.248
2024-10-19,EUR,1.3273
2024-10-20,CAD,1.0
2024-10-20,USD,1.2497
2024-10-20,EUR,1.342
2024-10-21,CAD,1.0
2024-10-21,USD,1.2498
2024-10-21,EUR,1.3355
2024-10-22,CAD,1.0
2024-10-22,USD,1.2376
2024-10-22,EUR,1.3295
2024-10-23,CAD,1.0
2024-10-23,USD,1.2351
2024-10-23,EUR,1.334
2024-10-24,CAD,1.0
2024-10-24,USD,1.2397
2024-10-24,EUR,1.3269
2024-10-25,CAD,1.0
2024-10-25,USD,1.2308
2024-10-25,EUR,1.3365
2024-10-26,CAD,1.0
2024-10-26,USD,1.2371
2024-10-26,EUR,1.3124
2024-10-27,CAD,1.0
2024-10-27,USD,1.228
2024-10-27,EUR,1.322
2024-10-28,CAD,1.0
2024-10-28,USD,1.2246
2024-10-28,EUR,1.3159
2024-10-29,CAD,1.0
2024-10-29,USD,1.2312
2024-10-29,EUR,1.294
2024-10-30,CAD,1.0
2024-10-30,USD,1.2238
2024-10-30,EUR,1.3073
2024-10-31,CAD,1.0
2024-10-31,USD,1.22
2024-10-31,EUR,1.3059
2024-11-01,CAD,1.0
2024-11-01,USD,1.2231
2024-11-01,EUR,1.3017
2024-11-02,CAD,1.0
2024-11-02,USD,1.2156
2024-11-02,EUR,1.3008
2024-11-03,CAD,1.0
2024-11-03,USD,1.2154
2024-11-03,EUR,1.2932
2024-11-04,CAD,1.0
2024-11-04,USD,1.2062
2024-11-04,EUR,1.2833
2024-11-05,CAD,1.0
2024-11-05,USD,1.2037
2024-11-05,EUR,1.2892
2024-11-06,CAD,1.0
2024-11-06,USD,1.2075
2024-11-06,EUR,1.2772
2024-11-07,CAD,1.0
2024-11-07,USD,1.2086
2024-11-07,EUR,1.2883
2024-11-08,CAD,1.0
2024-11-08,USD,1.1999
2024-11-08,EUR,1.2697
2024-11-09,CAD,1.0
2024-11-09,USD,1.1969
2024-11-09,EUR,1.2797
2024-11-10,CAD,1.0
2024-11-10,USD,1.2006
2024-11-10,EUR,1.268
2024-11-11,CAD,1.0
2024-11-11,USD,1.203
2024-11-11,EUR,1.2766
2024-11-12,CAD,1.0
2024-11-12,USD,1.1893
2024-11-12,EUR,1.2636
2024-11-13,CAD,1.0
2024-11-13,USD,1.1875
2024-11-13,EUR,1.2623
2024-11-14,CAD,1.0
2024-11-14,USD,1.1928
2024-11-14,EUR,1.2647
2024-11-15,CAD,1.0
2024-11-15,USD,1.19
2024-11-15,EUR,1.2638
2024-11-16,CAD,1.0
2024-11-16,USD,1.1918
2024-11-16,EUR,1.2532
2024-11-17,CAD,1.0
2024-11-17,USD,1.1828
2024-11-17,EUR,1.2459
2024-11-18,CAD,1.0
2024-11-18,USD,1.172
2024-11-18,EUR,1.2548
2024-11-19,CAD,1.0
2024-11-19,USD,1.1785
2024-11-19,EUR,1.2533
2024-11-20,CAD,1.0
2024-11-20,USD,1.1714
2024-11-20,EUR,1.2507
2024-11-21,CAD,1.0
2024-11-21,USD,1.1789
2024-11-21,EUR,1.2497
2024-11-22,CAD,1.0
2024-11-22,USD,1.1788
2024-11-22,EUR,1.2549
2024-11-23,CAD,1.0
2024-11-23,USD,1.1704
2024-11-23,EUR,1.2444
2024-11-24,CAD,1.0
2024-11-24,USD,1.1709
2024-11-24,EUR,1.2476
2024-11-25,CAD,1.0
2024-11-25,USD,1.1584
2024-11-25,EUR,1.2526
2024-11-26,CAD,1.0
2024-11-26,USD,1.1558
2024-11-26,EUR,1.2463
2024-11-27,CAD,1.0
2024-11-27,USD,1.161
2024-11-27,EUR,1.2616
2024-11-28,CAD,1.0
2024-11-28,USD,1.1561
2024-11-28,EUR,1.2488
2024-11-29,CAD,1.0
2024-11-29,USD,1.1618
2024-11-29,EUR,1.2457
2024-11-30,CAD,1.0
2024-11-30,USD,1.159
2024-11-30,EUR,1.2589
2024-12-01,CAD,1.0
2024-12-01,USD,1.1541
2024-12-01,EUR,1.2593
2024-12-02,CAD,1.0
2024-12-02,USD,1.156
2024-12-02,EUR,1.2519
2024-12-03,CAD,1.0
2024-12-03,USD,1.1526
2024-12-03,EUR,1.2553
2024-12-04,CAD,1.0
2024-12-04,USD,1.1522
2024-12-04,EUR,1.2597
2024-12-05,CAD,1.0
2024-12-05,USD,1.1549
2024-12-05,EUR,1.2635
2024-12-06,CAD,1.0
2024-12-06,USD,1.1391
2024-12-06,EUR,1.2627
2024-12-07,CAD,1.0
2024-12-07,USD,1.1432
2024-12-07,EUR,1.2641
2024-12-08,CAD,1.0
2024-12-08,USD,1.1498
2024-12-08,EUR,1.2729
2024-12-09,CAD,1.0
2024-12-09,USD,1.15
2024-12-09,EUR,1.2719
2024-12-10,CAD,1.0
2024-12-10,USD,1.154
2024-12-10,EUR,1.2795
2024-12-11,CAD,1.0
2024-12-11,USD,1.1494
2024-12-11,EUR,1.2767
2024-12-12,CAD,1.0
2024-12-12,USD,1.1502
2024-12-12,EUR,1.2765
2024-12-13,CAD,1.0
2024-12-13,USD,1.1465
2024-12-13,EUR,1.2709
2024-12-14,CAD,1.0
2024-12-14,USD,1.1453
2024-12-14,EUR,1.2766
2024-12-15,CAD,1.0
2024-12-15,USD,1.1575
2024-12-15,EUR,1.2896
2024-12-16,CAD,1.0
2024-12-16,USD,1.1512
2024-12-16,EUR,1.2884
2024-12-17,CAD,1.0
2024-12-17,USD,1.1527
2024-12-17,EUR,1.291
2024-12-18,CAD,1.0
2024-12-18,USD,1.1543
2024-12-18,EUR,1.2998
2024-12-19,CAD,1.0
2024-12-19,USD,1.1501
2024-12-19,EUR,1.2975
2024-12-20,CAD,1.0
2024-12-20,USD,1.1603
2024-12-20,EUR,1.305
2024-12-21,CAD,1.0
2024-12-21,USD,1.1527
2024-12-21,EUR,1.3067
2024-12-22,CAD,1.0
2024-12-22,USD,1.1529
2024-12-22,EUR,1.3115
2024-12-23,CAD,1.0
2024-12-23,USD,1.1635
2024-12-23,EUR,1.3149
2024-12-24,CAD,1.0
2024-12-24,USD,1.1727
2024-12-24,EUR,1.3203
2024-12-25,CAD,1.0
2024-12-25,USD,1.1636
2024-12-25,EUR,1.3167
2024-12-26,CAD,1.0
2024-12-26,USD,1.163
2024-12-26,EUR,1.3203
2024-12-27,CAD,1.0
2024-12-27,USD,1.1551
2024-12-27,EUR,1.3319
2024-12-28,CAD,1.0
2024-12-28,USD,1.1652
2024-12-28,EUR,1.326
2024-12-29,CAD,1.0
2024-12-29,USD,1.1708
2024-12-29,EUR,1.335
2024-12-30,CAD,1.0
2024-12-30,USD,1.1702
2024-12-30,EUR,1.3348
2024-12-31,CAD,1.0
2024-12-31,USD,1.1776
2024-12-31,EUR,1.3354
2025-01-01,CAD,1.0
2025-01-01,USD,1.204
2025-01-01,EUR,1.3416
2025-01-02,CAD,1.0
2025-01-02,USD,1.1988
2025-01-02,EUR,1.3526
2025-01-03,CAD,1.0
2025-01-03,USD,1.201
2025-01-03,EUR,1.3502
2025-01-04,CAD,1.0
2025-01-04,USD,1.2092
2025-01-04,EUR,1.3464
2025-01-05,CAD,1.0
2025-01-05,USD,1.2082
2025-01-05,EUR,1.3518
2025-01-06,CAD,1.0
2025-01-06,USD,1.2234
2025-01-06,EUR,1.3476
2025-01-07,CAD,1.0
2025-01-07,USD,1.2188
2025-01-07,EUR,1.3412
2025-01-08,CAD,1.0
2025-01-08,USD,1.2135
2025-01-08,EUR,1.3429
2025-01-09,CAD,1.0
2025-01-09,USD,1.2169
2025-01-09,EUR,1.3324
2025-01-10,CAD,1.0
2025-01-10,USD,1.228
2025-01-10,EUR,1.3436
2025-01-11,CAD,1.0
2025-01-11,USD,1.2218
2025-01-11,EUR,1.3384
2025-01-12,CAD,1.0
2025-01-12,USD,1.2332
2025-01-12,EUR,1.3359
2025-01-13,CAD,1.0
2025-01-13,USD,1.2243
2025-01-13,EUR,1.3312
2025-01-14,CAD,1.0
2025-01-14,USD,1.2388
2025-01-14,EUR,1.331
2025-01-15,CAD,1.0
2025-01-15,USD,1.2368
2025-01-15,EUR,1.3287
2025-01-16,CAD,1.0
2025-01-16,USD,1.2316
2025-01-16,EUR,1.321
2025-01-17,CAD,1.0
2025-01-17,USD,1.2393
2025-01-17,EUR,1.3253
2025-01-18,CAD,1.0
2025-01-18,USD,1.2447
2025-01-18,EUR,1.3138
2025-01-19,CAD,1.0
2025-01-19,USD,1.2428
2025-01-19,EUR,1.3209
2025-01-20,CAD,1.0
2025-01-20,USD,1.2371
2025-01-20,EUR,1.3192
2025-01-21,CAD,1.0
2025-01-21,USD,1.2516
2025-01-21,EUR,1.3216
2025-01-22,CAD,1.0
2025-01-22,USD,1.2457
2025-01-22,EUR,1.3064
2025-01-23,CAD,1.0
2025-01-23,USD,1.2498
2025-01-23,EUR,1.3059
2025-01-24,CAD,1.0
2025-01-24,USD,1.2522
2025-01-24,EUR,1.3025
2025-01-25,CAD,1.0
2025-01-25,USD,1.2469
2025-01-25,EUR,1.3013
2025-01-26,CAD,1.0
2025-01-26,USD,1.2428
2025-01-26,EUR,1.2919
2025-01-27,CAD,1.0
2025-01-27,USD,1.2566
2025-01-27,EUR,1.2824
2025-01-28,CAD,1.0
2025-01-28,USD,1.2459
2025-01-28,EUR,1.2888
2025-01-29,CAD,1.0
2025-01-29,USD,1.2516
2025-01-29,EUR,1.2779
2025-01-30,CAD,1.0
2025-01-30,USD,1.2478
2025-01-30,EUR,1.2733
2025-01-31,CAD,1.0
2025-01-31,USD,1.2549
2025-01-31,EUR,1.2749
2025-02-01,CAD,1.0
2025-02-01,USD,1.2589
2025-02-01,EUR,1.2737
2025-02-02,CAD,1.0
2025-02-02,USD,1.2487
2025-02-02,EUR,1.269
2025-02-03,CAD,1.0
2025-02-03,USD,1.2484
2025-02-03,EUR,1.2685
2025-02-04,CAD,1.0
2025-02-04,USD,1.2618
2025-02-04,EUR,1.2638
2025-02-05,CAD,1.0
2025-02-05,USD,1.2472
2025-02-05,EUR,1.2635
2025-02-06,CAD,1.0
2025-02-06,USD,1.2535
2025-02-06,EUR,1.2539
2025-02-07,CAD,1.0
2025-02-07,USD,1.2496
2025-02-07,EUR,1.2549
2025-02-08,CAD,1.0
2025-02-08,USD,1.2492
2025-02-08,EUR,1.2547
2025-02-09,CAD,1.0
2025-02-09,USD,1.2339
2025-02-09,EUR,1.2574
2025-02-10,CAD,1.0
2025-02-10,USD,1.2462
2025-02-10,EUR,1.2512
2025-02-11,CAD,1.0
2025-02-11,USD,1.24
2025-02-11,EUR,1.2463
2025-02-12,CAD,1.0
2025-02-12,USD,1.2457
2025-02-12,EUR,1.2563
2025-02-13,CAD,1.0
2025-02-13,USD,1.236
2025-02-13,EUR,1.2484
2025-02-14,CAD,1.0
2025-02-14,USD,1.2386
2025-02-14,EUR,1.2619
2025-02-15,CAD,1.0
2025-02-15,USD,1.24
2025-02-15,EUR,1.2454
2025-02-16,CAD,1.0
2025-02-16,USD,1.2371
2025-02-16,EUR,1.2431
2025-02-17,CAD,1.0
2025-02-17,USD,1.2374
2025-02-17,EUR,1.2585
2025-02-18,CAD,1.0
2025-02-18,USD,1.2403
2025-02-18,EUR,1.2541
2025-02-19,CAD,1.0
2025-02-19,USD,1.227
2025-02-19,EUR,1.2444
2025-02-20,CAD,1.0
2025-02-20,USD,1.2209
2025-02-20,EUR,1.2376
2025-02-21,CAD,1.0
2025-02-21,USD,1.2292
2025-02-21,EUR,1.2521
2025-02-22,CAD,1.0
2025-02-22,USD,1.2281
2025-02-22,EUR,1.2609
2025-02-23,CAD,1.0
2025-02-23,USD,1.2219
2025-02-23,EUR,1.2559
2025-02-24,CAD,1.0
2025-02-24,USD,1.2168
2025-02-24,EUR,1.255
2025-02-25,CAD,1.0
2025-02-25,USD,1.2204
2025-02-25,EUR,1.2576
2025-02-26,CAD,1.0
2025-02-26,USD,1.2128
2025-02-26,EUR,1.2604
2025-02-27,CAD,1.0
2025-02-27,USD,1.2164
2025-02-27,EUR,1.2591
2025-02-28,CAD,1.0
2025-02-28,USD,1.2092
2025-02-28,EUR,1.2661
2025-03-01,CAD,1.0
2025-03-01,USD,1.2129
2025-03-01,EUR,1.2661
2025-03-02,CAD,1.0
2025-03-02,USD,1.201
2025-03-02,EUR,1.2675
2025-03-03,CAD,1.0
2025-03-03,USD,1.2073
2025-03-03,EUR,1.2828
2025-03-04,CAD,1.0
2025-03-04,USD,1.193
2025-03-04,EUR,1.27
2025-03-05,CAD,1.0
2025-03-05,USD,1.1962
2025-03-05,EUR,1.279
2025-03-06,CAD,1.0
2025-03-06,USD,1.1985
2025-03-06,EUR,1.277
2025-03-07,CAD,1.0
2025-03-07,USD,1.1868
2025-03-07,EUR,1.2853
2025-03-08,CAD,1.0
2025-03-08,USD,1.1884
2025-03-08,EUR,1.2925
2025-03-09,CAD,1.0
2025-03-09,USD,1.1897
2025-03-09,EUR,1.2939
2025-03-10,CAD,1.0
2025-03-10,USD,1.1843
2025-03-10,EUR,1.3062
2025-03-11,CAD,1.0
2025-03-11,USD,1.1783
2025-03-11,EUR,1.3008
2025-03-12,CAD,1.0
2025-03-12,USD,1.1738
2025-03-12,EUR,1.2957
2025-03-13,CAD,1.0
2025-03-13,USD,1.1748
2025-03-13,EUR,1.3125
2025-03-14,CAD,1.0
2025-03-14,USD,1.177
2025-03-14,EUR,1.3047
2025-03-15,CAD,1.0
2025-03-15,USD,1.1754
2025-03-15,EUR,1.3111
2025-03-16,CAD,1.0
2025-03-16,USD,1.169
2025-03-16,EUR,1.3072
2025-03-17,CAD,1.0
2025-03-17,USD,1.1766
2025-03-17,EUR,1.3184
2025-03-18,CAD,1.0
2025-03-18,USD,1.1783
2025-03-18,EUR,1.3251
2025-03-19,CAD,1.0
2025-03-19,USD,1.1684
2025-03-19,EUR,1.3212
2025-03-20,CAD,1.0
2025-03-20,USD,1.1584
2025-03-20,EUR,1.3252
2025-03-21,CAD,1.0
2025-03-21,USD,1.1565
2025-03-21,EUR,1.3323
2025-03-22,CAD,1.0
2025-03-22,USD,1.1687
2025-03-22,EUR,1.3304
2025-03-23,CAD,1.0
2025-03-23,USD,1.1638
2025-03-23,EUR,1.3308
2025-03-24,CAD,1.0
2025-03-24,USD,1.1562
2025-03-24,EUR,1.3325
2025-03-25,CAD,1.0
2025-03-25,USD,1.1458
2025-03-25,EUR,1.3386
2025-03-26,CAD,1.0
2025-03-26,USD,1.1559
2025-03-26,EUR,1.3461
2025-03-27,CAD,1.0
2025-03-27,USD,1.1582
2025-03-27,EUR,1.3467
2025-03-28,CAD,1.0
2025-03-28,USD,1.1484
2025-03-28,EUR,1.3466
2025-03-29,CAD,1.0
2025-03-29,USD,1.1603
2025-03-29,EUR,1.3476
2025-03-30,CAD,1.0
2025-03-30,USD,1.1609
2025-03-30,EUR,1.3571
2025-03-31,CAD,1.0
2025-03-31,USD,1.1498
2025-03-31,EUR,1.3445
2025-04-01,CAD,1.0
2025-04-01,USD,1.1469
2025-04-01,EUR,1.3413
2025-04-02,CAD,1.0
2025-04-02,USD,1.1477
2025-04-02,EUR,1.3555
2025-04-03,CAD,1.0
2025-04-03,USD,1.1391
2025-04-03,EUR,1.3446
2025-04-04,CAD,1.0
2025-04-04,USD,1.1494
2025-04-04,EUR,1.3456
2025-04-05,CAD,1.0
2025-04-05,USD,1.1474
2025-04-05,EUR,1.3474
2025-04-06,CAD,1.0
2025-04-06,USD,1.1489
2025-04-06,EUR,1.346
2025-04-07,CAD,1.0
2025-04-07,USD,1.1464
2025-04-07,EUR,1.3538
2025-04-08,CAD,1.0
2025-04-08,USD,1.1561
2025-04-08,EUR,1.3415
2025-04-09,CAD,1.0
2025-04-09,USD,1.1376
2025-04-09,EUR,1.3528
2025-04-10,CAD,1.0
2025-04-10,USD,1.1459
2025-04-10,EUR,1.3474
2025-04-11,CAD,1.0
2025-04-11,USD,1.145
2025-04-11,EUR,1.3515
2025-04-12,CAD,1.0
2025-04-12,USD,1.1664
2025-04-12,EUR,1.3444
2025-04-13,CAD,1.0
2025-04-13,USD,1.1542
2025-04-13,EUR,1.3401
2025-04-14,CAD,1.0
2025-04-14,USD,1.1597
2025-04-14,EUR,1.3426
2025-04-15,CAD,1.0
2025-04-15,USD,1.1621
2025-04-15,EUR,1.3346
2025-04-16,CAD,1.0
2025-04-16,USD,1.1601
2025-04-16,EUR,1.3327
2025-04-17,CAD,1.0
2025-04-17,USD,1.1545
2025-04-17,EUR,1.3328
2025-04-18,CAD,1.0
2025-04-18,USD,1.1567
2025-04-18,EUR,1.3363
2025-04-19,CAD,1.0
2025-04-19,USD,1.1587
2025-04-19,EUR,1.3295
2025-04-20,CAD,1.0
2025-04-20,USD,1.1617
2025-04-20,EUR,1.3263
2025-04-21,CAD,1.0
2025-04-21,USD,1.1639
2025-04-21,EUR,1.3156
2025-04-22,CAD,1.0
2025-04-22,USD,1.1709
2025-04-22,EUR,1.3177
2025-04-23,CAD,1.0
2025-04-23,USD,1.1718
2025-04-23,EUR,1.3136
2025-04-24,CAD,1.0
2025-04-24,USD,1.1658
2025-04-24,EUR,1.318
2025-04-25,CAD,1.0
2025-04-25,USD,1.1783
2025-04-25,EUR,1.3065
2025-04-26,CAD,1.0
2025-04-26,USD,1.1771
2025-04-26,EUR,1.3112
2025-04-27,CAD,1.0
2025-04-27,USD,1.1767
2025-04-27,EUR,1.3012
2025-04-28,CAD,1.0
2025-04-28,USD,1.1825
2025-04-28,EUR,1.2971
2025-04-29,CAD,1.0
2025-04-29,USD,1.1879
2025-04-29,EUR,1.2952
2025-04-30,CAD,1.0
2025-04-30,USD,1.1821
2025-04-30,EUR,1.2958
2025-05-01,CAD,1.0
2025-05-01,USD,1.1827
2025-05-01,EUR,1.2995
2025-05-02,CAD,1.0
2025-05-02,USD,1.1988
2025-05-02,EUR,1.2888
2025-05-03,CAD,1.0
2025-05-03,USD,1.1955
2025-05-03,EUR,1.285
2025-05-04,CAD,1.0
2025-05-04,USD,1.1934
2025-05-04,EUR,1.2814
2025-05-05,CAD,1.0
2025-05-05,USD,1.1937
2025-05-05,EUR,1.2795
2025-05-06,CAD,1.0
2025-05-06,USD,1.2052
2025-05-06,EUR,1.2721
2025-05-07,CAD,1.0
2025-05-07,USD,1.2004
2025-05-07,EUR,1.2652
2025-05-08,CAD,1.0
2025-05-08,USD,1.2131
2025-05-08,EUR,1.266
2025-05-09,CAD,1.0
2025-05-09,USD,1.2073
2025-05-09,EUR,1.2676
2025-05-10,CAD,1.0
2025-05-10,USD,1.2122
2025-05-10,EUR,1.2674
2025-05-11,CAD,1.0
2025-05-11,USD,1.2113
2025-05-11,EUR,1.2558
2025-05-12,CAD,1.0
2025-05-12,USD,1.209
2025-05-12,EUR,1.2565
2025-05-13,CAD,1.0
2025-05-13,USD,1.2132
2025-05-13,EUR,1.2561
2025-05-14,CAD,1.0
2025-05-14,USD,1.2268
2025-05-14,EUR,1.254
2025-05-15,CAD,1.0
2025-05-15,USD,1.2206
2025-05-15,EUR,1.2544
2025-05-16,CAD,1.0
2025-05-16,USD,1.2227
2025-05-16,EUR,1.2528
2025-05-17,CAD,1.0
2025-05-17,USD,1.2296
2025-05-17,EUR,1.2565
2025-05-18,CAD,1.0
2025-05-18,USD,1.2339
2025-05-18,EUR,1.2615
2025-05-19,CAD,1.0
2025-05-19,USD,1.2338
2025-05-19,EUR,1.2618
2025-05-20,CAD,1.0
2025-05-20,USD,1.229
2025-05-20,EUR,1.2607
2025-05-21,CAD,1.0
2025-05-21,USD,1.2328
2025-05-21,EUR,1.2486
2025-05-22,CAD,1.0
2025-05-22,USD,1.2358
2025-05-22,EUR,1.249
2025-05-23,CAD,1.0
2025-05-23,USD,1.2385
2025-05-23,EUR,1.2474
2025-05-24,CAD,1.0
2025-05-24,USD,1.2438
2025-05-24,EUR,1.248
2025-05-25,CAD,1.0
2025-05-25,USD,1.2444
2025-05-25,EUR,1.2591
2025-05-26,CAD,1.0
2025-05-26,USD,1.2407
2025-05-26,EUR,1.2563
2025-05-27,CAD,1.0
2025-05-27,USD,1.2466
2025-05-27,EUR,1.2647
2025-05-28,CAD,1.0
2025-05-28,USD,1.2424
2025-05-28,EUR,1.2588
2025-05-29,CAD,1.0
2025-05-29,USD,1.2378
2025-05-29,EUR,1.2538
2025-05-30,CAD,1.0
2025-05-30,USD,1.2487
2025-05-30,EUR,1.265
2025-05-31,CAD,1.0
2025-05-31,USD,1.2416
2025-05-31,EUR,1.2639
2025-06-01,CAD,1.0
2025-06-01,USD,1.2481
2025-06-01,EUR,1.2544
2025-06-02,CAD,1.0
2025-06-02,USD,1.2499
2025-06-02,EUR,1.2728
2025-06-03,CAD,1.0
2025-06-03,USD,1.2438
2025-06-03,EUR,1.2661
2025-06-04,CAD,1.0
2025-06-04,USD,1.2448
2025-06-04,EUR,1.2669
2025-06-05,CAD,1.0
2025-06-05,USD,1.2571
2025-06-05,EUR,1.2706
2025-06-06,CAD,1.0
2025-06-06,USD,1.257
2025-06-06,EUR,1.2803
2025-06-07,CAD,1.0
2025-06-07,USD,1.2481
2025-06-07,EUR,1.2752
2025-06-08,CAD,1.0
2025-06-08,USD,1.2453
2025-06-08,EUR,1.2761
2025-06-09,CAD,1.0
2025-06-09,USD,1.2512
2025-06-09,EUR,1.2838
2025-06-10,CAD,1.0
2025-06-10,USD,1.2459
2025-06-10,EUR,1.2793
2025-06-11,CAD,1.0
2025-06-11,USD,1.249
2025-06-11,EUR,1.2879
2025-06-12,CAD,1.0
2025-06-12,USD,1.2468
2025-06-12,EUR,1.2951
2025-06-13,CAD,1.0
2025-06-13,USD,1.2345
2025-06-13,EUR,1.2892
2025-06-14,CAD,1.0
2025-06-14,USD,1.2576
2025-06-14,EUR,1.2977
2025-06-15,CAD,1.0
2025-06-15,USD,1.2325
2025-06-15,EUR,1.2963
2025-06-16,CAD,1.0
2025-06-16,USD,1.2564
2025-06-16,EUR,1.3034
2025-06-17,CAD,1.0
2025-06-17,USD,1.2485
2025-06-17,EUR,1.3108
2025-06-18,CAD,1.0
2025-06-18,USD,1.239
2025-06-18,EUR,1.3173
2025-06-19,CAD,1.0
2025-06-19,USD,1.228
2025-06-19,EUR,1.3094
2025-06-20,CAD,1.0
2025-06-20,USD,1.2359
2025-06-20,EUR,1.313
2025-06-21,CAD,1.0
2025-06-21,USD,1.2338
2025-06-21,EUR,1.327
2025-06-22,CAD,1.0
2025-06-22,USD,1.2356
2025-06-22,EUR,1.3323
2025-06-23,CAD,1.0
2025-06-23,USD,1.2341
2025-06-23,EUR,1.3334
2025-06-24,CAD,1.0
2025-06-24,USD,1.2309
2025-06-24,EUR,1.3281
2025-06-25,CAD,1.0
2025-06-25,USD,1.2366
2025-06-25,EUR,1.3301
2025-06-26,CAD,1.0
2025-06-26,USD,1.2289
2025-06-26,EUR,1.3399
2025-06-27,CAD,1.0
2025-06-27,USD,1.2293
2025-06-27,EUR,1.3324
2025-06-28,CAD,1.0
2025-06-28,USD,1.2281
2025-06-28,EUR,1.3354
2025-06-29,CAD,1.0
2025-06-29,USD,1.2247
2025-06-29,EUR,1.3449
2025-06-30,CAD,1.0
2025-06-30,USD,1.2224
2025-06-30,EUR,1.3379
2025-07-01,CAD,1.0
2025-07-01,USD,1.2189
2025-07-01,EUR,1.3508
2025-07-02,CAD,1.0
2025-07-02,USD,1.2145
2025-07-02,EUR,1.3426
2025-07-03,CAD,1.0
2025-07-03,USD,1.2157
2025-07-03,EUR,1.3483
2025-07-04,CAD,1.0
2025-07-04,USD,1.2003
2025-07-04,EUR,1.3442
2025-07-05,CAD,1.0
2025-07-05,USD,1.2036
2025-07-05,EUR,1.3568
2025-07-06,CAD,1.0
2025-07-06,USD,1.2104
2025-07-06,EUR,1.3564
2025-07-07,CAD,1.0
2025-07-07,USD,1.2024
2025-07-07,EUR,1.3545
2025-07-08,CAD,1.0
2025-07-08,USD,1.193
2025-07-08,EUR,1.35
2025-07-09,CAD,1.0
2025-07-09,USD,1.1985
2025-07-09,EUR,1.3444
2025-07-10,CAD,1.0
2025-07-10,USD,1.1948
2025-07-10,EUR,1.3577
2025-07-11,CAD,1.0
2025-07-11,USD,1.1941
2025-07-11,EUR,1.3532
2025-07-12,CAD,1.0
2025-07-12,USD,1.1766
2025-07-12,EUR,1.3556
2025-07-13,CAD,1.0
2025-07-13,USD,1.1855
2025-07-13,EUR,1.3428
2025-07-14,CAD,1.0
2025-07-14,USD,1.1832
2025-07-14,EUR,1.3379
2025-07-15,CAD,1.0
2025-07-15,USD,1.1869
2025-07-15,EUR,1.3422
2025-07-16,CAD,1.0
2025-07-16,USD,1.1757
2025-07-16,EUR,1.3413
2025-07-17,CAD,1.0
2025-07-17,USD,1.1827
2025-07-17,EUR,1.341
2025-07-18,CAD,1.0
2025-07-18,USD,1.1679
2025-07-18,EUR,1.3406
2025-07-19,CAD,1.0
2025-07-19,USD,1.1682
2025-07-19,EUR,1.3252
2025-07-20,CAD,1.0
2025-07-20,USD,1.1782
2025-07-20,EUR,1.3359
2025-07-21,CAD,1.0
2025-07-21,USD,1.1684
2025-07-21,EUR,1.3293
2025-07-22,CAD,1.0
2025-07-22,USD,1.1738
2025-07-22,EUR,1.3438
2025-07-23,CAD,1.0
2025-07-23,USD,1.1673
2025-07-23,EUR,1.3204
2025-07-24,CAD,1.0
2025-07-24,USD,1.1625
2025-07-24,EUR,1.3248
2025-07-25,CAD,1.0
2025-07-25,USD,1.1499
2025-07-25,EUR,1.3213
2025-07-26,CAD,1.0
2025-07-26,USD,1.1622
2025-07-26,EUR,1.3232
2025-07-27,CAD,1.0
2025-07-27,USD,1.1647
2025-07-27,EUR,1.3139
2025-07-28,CAD,1.0
2025-07-28,USD,1.1648
2025-07-28,EUR,1.3203
2025-07-29,CAD,1.0
2025-07-29,USD,1.1562
2025-07-29,EUR,1.3089
2025-07-30,CAD,1.0
2025-07-30,USD,1.146
2025-07-30,EUR,1.2963
2025-07-31,CAD,1.0
2025-07-31,USD,1.1497
2025-07-31,EUR,1.298
2025-08-01,CAD,1.0
2025-08-01,USD,1.1475
2025-08-01,EUR,1.2967
2025-08-02,CAD,1.0
2025-08-02,USD,1.1501
2025-08-02,EUR,1.2989
2025-08-03,CAD,1.0
2025-08-03,USD,1.1491
2025-08-03,EUR,1.2788
2025-08-04,CAD,1.0
2025-08-04,USD,1.1516
2025-08-04,EUR,1.2869
2025-08-05,CAD,1.0
2025-08-05,USD,1.1462
2025-08-05,EUR,1.2843
2025-08-06,CAD,1.0
2025-08-06,USD,1.1449
2025-08-06,EUR,1.2824
2025-08-07,CAD,1.0
2025-08-07,USD,1.1632
2025-08-07,EUR,1.2686
2025-08-08,CAD,1.0
2025-08-08,USD,1.1474
2025-08-08,EUR,1.2714
2025-08-09,CAD,1.0
2025-08-09,USD,1.1479
2025-08-09,EUR,1.277
2025-08-10,CAD,1.0
2025-08-10,USD,1.153
2025-08-10,EUR,1.2735
2025-08-11,CAD,1.0
2025-08-11,USD,1.1507
2025-08-11,EUR,1.2601
2025-08-12,CAD,1.0
2025-08-12,USD,1.1455
2025-08-12,EUR,1.268
2025-08-13,CAD,1.0
2025-08-13,USD,1.1525
2025-08-13,EUR,1.2683
2025-08-14,CAD,1.0
2025-08-14,USD,1.1538
2025-08-14,EUR,1.254
2025-08-15,CAD,1.0
2025-08-15,USD,1.1505
2025-08-15,EUR,1.2609
2025-08-16,CAD,1.0
2025-08-16,USD,1.1576
2025-08-16,EUR,1.2606
2025-08-17,CAD,1.0
2025-08-17,USD,1.1498
2025-08-17,EUR,1.2488
2025-08-18,CAD,1.0
2025-08-18,USD,1.1553
2025-08-18,EUR,1.2607
2025-08-19,CAD,1.0
2025-08-19,USD,1.154
2025-08-19,EUR,1.2546
2025-08-20,CAD,1.0
2025-08-20,USD,1.1611
2025-08-20,EUR,1.2553
2025-08-21,CAD,1.0
2025-08-21,USD,1.1687
2025-08-21,EUR,1.2586
2025-08-22,CAD,1.0
2025-08-22,USD,1.1589
2025-08-22,EUR,1.2398
2025-08-23,CAD,1.0
2025-08-23,USD,1.1602
2025-08-23,EUR,1.2504
2025-08-24,CAD,1.0
2025-08-24,USD,1.1635
2025-08-24,EUR,1.2599
2025-08-25,CAD,1.0
2025-08-25,USD,1.1673
2025-08-25,EUR,1.2535
2025-08-26,CAD,1.0
2025-08-26,USD,1.1702
2025-08-26,EUR,1.2489
2025-08-27,CAD,1.0
2025-08-27,USD,1.1615
2025-08-27,EUR,1.2509
2025-08-28,CAD,1.0
2025-08-28,USD,1.1894
2025-08-28,EUR,1.2459
2025-08-29,CAD,1.0
2025-08-29,USD,1.1662
2025-08-29,EUR,1.2629
2025-08-30,CAD,1.0
2025-08-30,USD,1.1812
2025-08-30,EUR,1.2554
2025-08-31,CAD,1.0
2025-08-31,USD,1.1866
2025-08-31,EUR,1.2518
2025-09-01,CAD,1.0
2025-09-01,USD,1.1816
2025-09-01,EUR,1.2624
2025-09-02,CAD,1.0
2025-09-02,USD,1.195
2025-09-02,EUR,1.2536
2025-09-03,CAD,1.0
2025-09-03,USD,1.1932
2025-09-03,EUR,1.2634
2025-09-04,CAD,1.0
2025-09-04,USD,1.1901
2025-09-04,EUR,1.2637
2025-09-05,CAD,1.0
2025-09-05,USD,1.1848
2025-09-05,EUR,1.2709
2025-09-06,CAD,1.0
2025-09-06,USD,1.1903
2025-09-06,EUR,1.2632
2025-09-07,CAD,1.0
2025-09-07,USD,1.2011
2025-09-07,EUR,1.2752
2025-09-08,CAD,1.0
2025-09-08,USD,1.1996
2025-09-08,EUR,1.2795
2025-09-09,CAD,1.0
2025-09-09,USD,1.2088
2025-09-09,EUR,1.2835
2025-09-10,CAD,1.0
2025-09-10,USD,1.2015
2025-09-10,EUR,1.285
2025-09-11,CAD,1.0
2025-09-11,USD,1.2077
2025-09-11,EUR,1.2917
2025-09-12,CAD,1.0
2025-09-12,USD,1.2085
2025-09-12,EUR,1.2845
2025-09-13,CAD,1.0
2025-09-13,USD,1.2085
2025-09-13,EUR,1.2904
2025-09-14,CAD,1.0
2025-09-14,USD,1.2163
2025-09-14,EUR,1.2952
2025-09-15,CAD,1.0
2025-09-15,USD,1.2181
2025-09-15,EUR,1.2994
2025-09-16,CAD,1.0
2025-09-16,USD,1.2176
2025-09-16,EUR,1.295
2025-09-17,CAD,1.0
2025-09-17,USD,1.2162
2025-09-17,EUR,1.3076
2025-09-18,CAD,1.0
2025-09-18,USD,1.2256
2025-09-18,EUR,1.2968
2025-09-19,CAD,1.0
2025-09-19,USD,1.2309
2025-09-19,EUR,1.3187
2025-09-20,CAD,1.0
2025-09-20,USD,1.224
2025-09-20,EUR,1.3143
2025-09-21,CAD,1.0
2025-09-21,USD,1.2272
2025-09-21,EUR,1.3189
2025-09-22,CAD,1.0
2025-09-22,USD,1.2258
2025-09-22,EUR,1.3186
2025-09-23,CAD,1.0
2025-09-23,USD,1.2384
2025-09-23,EUR,1.3281
2025-09-24,CAD,1.0
2025-09-24,USD,1.2374
2025-09-24,EUR,1.3232
2025-09-25,CAD,1.0
2025-09-25,USD,1.2291
2025-09-25,EUR,1.3239
2025-09-26,CAD,1.0
2025-09-26,USD,1.2363
2025-09-26,EUR,1.327
2025-09-27,CAD,1.0
2025-09-27,USD,1.2405
2025-09-27,EUR,1.3313
2025-09-28,CAD,1.0
2025-09-28,USD,1.2425
2025-09-28,EUR,1.3415
2025-09-29,CAD,1.0
2025-09-29,USD,1.2409
2025-09-29,EUR,1.3308
2025-09-30,CAD,1.0
2025-09-30,USD,1.2407
2025-09-30,EUR,1.3427
2025-10-01,CAD,1.0
2025-10-01,USD,1.2487
2025-10-01,EUR,1.3438
2025-10-02,CAD,1.0
2025-10-02,USD,1.2528
2025-10-02,EUR,1.3426
2025-10-03,CAD,1.0
2025-10-03,USD,1.2574
2025-10-03,EUR,1.3491
2025-10-04,CAD,1.0
2025-10-04,USD,1.2353
2025-10-04,EUR,1.3554
2025-10-05,CAD,1.0
2025-10-05,USD,1.2448
2025-10-05,EUR,1.3424
2025-10-06,CAD,1.0
2025-10-06,USD,1.2517
2025-10-06,EUR,1.3398
2025-10-07,CAD,1.0
2025-10-07,USD,1.2461
2025-10-07,EUR,1.357
2025-10-08,CAD,1.0
2025-10-08,USD,1.2526
2025-10-08,EUR,1.3537
2025-10-09,CAD,1.0
2025-10-09,USD,1.2467
2025-10-09,EUR,1.3422
2025-10-10,CAD,1.0
2025-10-10,USD,1.2535
2025-10-10,EUR,1.3546
2025-10-11,CAD,1.0
2025-10-11,USD,1.2543
2025-10-11,EUR,1.3509
2025-10-12,CAD,1.0
2025-10-12,USD,1.2448
2025-10-12,EUR,1.3616
2025-10-13,CAD,1.0
2025-10-13,USD,1.2517
2025-10-13,EUR,1.348
2025-10-14,CAD,1.0
2025-10-14,USD,1.248
2025-10-14,EUR,1.3487
2025-10-15,CAD,1.0
2025-10-15,USD,1.2536
2025-10-15,EUR,1.3479
2025-10-16,CAD,1.0
2025-10-16,USD,1.2519
2025-10-16,EUR,1.3465
2025-10-17,CAD,1.0
2025-10-17,USD,1.2462
2025-10-17,EUR,1.3475
2025-10-18,CAD,1.0
2025-10-18,USD,1.2488
2025-10-18,EUR,1.3418
2025-10-19,CAD,1.0
2025-10-19,USD,1.241
2025-10-19,EUR,1.3425
2025-10-20,CAD,1.0
2025-10-20,USD,1.244
2025-10-20,EUR,1.336
2025-10-21,CAD,1.0
2025-10-21,USD,1.2381
2025-10-21,EUR,1.3386
2025-10-22,CAD,1.0
2025-10-22,USD,1.2437
2025-10-22,EUR,1.3324
2025-10-23,CAD,1.0
2025-10-23,USD,1.2365
2025-10-23,EUR,1.3276
2025-10-24,CAD,1.0
2025-10-24,USD,1.2397
2025-10-24,EUR,1.325
2025-10-25,CAD,1.0
2025-10-25,USD,1.2473
2025-10-25,EUR,1.3242
2025-10-26,CAD,1.0
2025-10-26,USD,1.2222
2025-10-26,EUR,1.3232
2025-10-27,CAD,1.0
2025-10-27,USD,1.2321
2025-10-27,EUR,1.326
2025-10-28,CAD,1.0
2025-10-28,USD,1.232
2025-10-28,EUR,1.3131
2025-10-29,CAD,1.0
2025-10-29,USD,1.2271
2025-10-29,EUR,1.3158
2025-10-30,CAD,1.0
2025-10-30,USD,1.2156
2025-10-30,EUR,1.3176
2025-10-31,CAD,1.0
2025-10-31,USD,1.2202
2025-10-31,EUR,1.3147
2025-11-01,CAD,1.0
2025-11-01,USD,1.2241
2025-11-01,EUR,1.3075
2025-11-02,CAD,1.0
2025-11-02,USD,1.2256
2025-11-02,EUR,1.3039
2025-11-03,CAD,1.0
2025-11-03,USD,1.2209
2025-11-03,EUR,1.2969
2025-11-04,CAD,1.0
2025-11-04,USD,1.217
2025-11-04,EUR,1.2914
2025-11-05,CAD,1.0
2025-11-05,USD,1.211
2025-11-05,EUR,1.3009
2025-11-06,CAD,1.0
2025-11-06,USD,1.2063
2025-11-06,EUR,1.2886
2025-11-07,CAD,1.0
2025-11-07,USD,1.2084
2025-11-07,EUR,1.2831
2025-11-08,CAD,1.0
2025-11-08,USD,1.208
2025-11-08,EUR,1.2844
2025-11-09,CAD,1.0
2025-11-09,USD,1.1983
2025-11-09,EUR,1.2789
2025-11-10,CAD,1.0
2025-11-10,USD,1.195
2025-11-10,EUR,1.2794
2025-11-11,CAD,1.0
2025-11-11,USD,1.1988
2025-11-11,EUR,1.273
2025-11-12,CAD,1.0
2025-11-12,USD,1.1987
2025-11-12,EUR,1.2685
2025-11-13,CAD,1.0
2025-11-13,USD,1.1975
2025-11-13,EUR,1.2626
2025-11-14,CAD,1.0
2025-11-14,USD,1.1975
2025-11-14,EUR,1.2621
2025-11-15,CAD,1.0
2025-11-15,USD,1.1795
2025-11-15,EUR,1.2609
2025-11-16,CAD,1.0
2025-11-16,USD,1.1834
2025-11-16,EUR,1.2588
2025-11-17,CAD,1.0
2025-11-17,USD,1.1844
2025-11-17,EUR,1.264
2025-11-18,CAD,1.0
2025-11-18,USD,1.1799
2025-11-18,EUR,1.2533
2025-11-19,CAD,1.0
2025-11-19,USD,1.173
2025-11-19,EUR,1.2528
2025-11-20,CAD,1.0
2025-11-20,USD,1.1669
2025-11-20,EUR,1.2502
2025-11-21,CAD,1.0
2025-11-21,USD,1.1804
2025-11-21,EUR,1.2485
2025-11-22,CAD,1.0
2025-11-22,USD,1.1752
2025-11-22,EUR,1.2455
2025-11-23,CAD,1.0
2025-11-23,USD,1.1789
2025-11-23,EUR,1.2601
2025-11-24,CAD,1.0
2025-11-24,USD,1.171
2025-11-24,EUR,1.2603
2025-11-25,CAD,1.0
2025-11-25,USD,1.168
2025-11-25,EUR,1.2539
2025-11-26,CAD,1.0
2025-11-26,USD,1.1707
2025-11-26,EUR,1.2509
2025-11-27,CAD,1.0
2025-11-27,USD,1.1549
2025-11-27,EUR,1.2541
2025-11-28,CAD,1.0
2025-11-28,USD,1.1587
2025-11-28,EUR,1.2485
2025-11-29,CAD,1.0
2025-11-29,USD,1.1611
2025-11-29,EUR,1.2539
2025-11-30,CAD,1.0
2025-11-30,USD,1.1589
2025-11-30,EUR,1.2551
2025-12-01,CAD,1.0
2025-12-01,USD,1.1533
2025-12-01,EUR,1.2527
2025-12-02,CAD,1.0
2025-12-02,USD,1.1599
2025-12-02,EUR,1.263
2025-12-03,CAD,1.0
2025-12-03,USD,1.1652
2025-12-03,EUR,1.2577
2025-12-04,CAD,1.0
2025-12-04,USD,1.1577
2025-12-04,EUR,1.2671
2025-12-05,CAD,1.0
2025-12-05,USD,1.1493
2025-12-05,EUR,1.2621
2025-12-06,CAD,1.0
2025-12-06,USD,1.1558
2025-12-06,EUR,1.2682
2025-12-07,CAD,1.0
2025-12-07,USD,1.1456
2025-12-07,EUR,1.2585
2025-12-08,CAD,1.0
2025-12-08,USD,1.1509
2025-12-08,EUR,1.2674
2025-12-09,CAD,1.0
2025-12-09,USD,1.156
2025-12-09,EUR,1.2706
2025-12-10,CAD,1.0
2025-12-10,USD,1.1494
2025-12-10,EUR,1.2727
2025-12-11,CAD,1.0
2025-12-11,USD,1.1515
2025-12-11,EUR,1.2821
2025-12-12,CAD,1.0
2025-12-12,USD,1.1508
2025-12-12,EUR,1.2743
2025-12-13,CAD,1.0
2025-12-13,USD,1.1524
2025-12-13,EUR,1.2802
2025-12-14,CAD,1.0
2025-12-14,USD,1.1425
2025-12-14,EUR,1.2822
2025-12-15,CAD,1.0
2025-12-15,USD,1.1502
2025-12-15,EUR,1.2827
2025-12-16,CAD,1.0
2025-12-16,USD,1.1564
2025-12-16,EUR,1.2847
2025-12-17,CAD,1.0
2025-12-17,USD,1.1541
2025-12-17,EUR,1.2912
2025-12-18,CAD,1.0
2025-12-18,USD,1.1531
2025-12-18,EUR,1.2973
2025-12-19,CAD,1.0
2025-12-19,USD,1.1469
2025-12-19,EUR,1.2995
2025-12-20,CAD,1.0
2025-12-20,USD,1.1658
2025-12-20,EUR,1.2941
2025-12-21,CAD,1.0
2025-12-21,USD,1.1552
2025-12-21,EUR,1.3108
2025-12-22,CAD,1.0
2025-12-22,USD,1.1581
2025-12-22,EUR,1.312
2025-12-23,CAD,1.0
2025-12-23,USD,1.1461
2025-12-23,EUR,1.3148
2025-12-24,CAD,1.0
2025-12-24,USD,1.1555
2025-12-24,EUR,1.3166
2025-12-25,CAD,1.0
2025-12-25,USD,1.1607
2025-12-25,EUR,1.3295
2025-12-26,CAD,1.0
2025-12-26,USD,1.1652
2025-12-26,EUR,1.3206
2025-12-27,CAD,1.0
2025-12-27,USD,1.1566
2025-12-27,EUR,1.3248
2025-12-28,CAD,1.0
2025-12-28,USD,1.1701
2025-12-28,EUR,1.3266
2025-12-29,CAD,1.0
2025-12-29,USD,1.1653
2025-12-29,EUR,1.3269
2025-12-30,CAD,1.0
2025-12-30,USD,1.1724
2025-12-30,EUR,1.3362
2025-12-31,CAD,1.0
2025-12-31,USD,1.1786
2025-12-31,EUR,1.3299
